segmento,n_qubits,strain_min,strain_max,strain_mean,strain_std,frec_dominante,periodo,interpretacion,entropia,pureza,conc_espectral,tiempo_seg
0,8,-3.555964e-18,-3.431298e-18,-3.495589e-18,4.150357e-20,0,256,estado estable,3.638106,0.147321,0.092314,0.314
1,8,-3.687043e-18,-3.578370e-18,-3.635966e-18,3.584759e-20,0,256,estado estable,3.724959,0.134473,0.094741,0.248
2,8,-3.795107e-18,-3.704601e-18,-3.754076e-18,2.997259e-20,0,256,estado estable,3.718721,0.123224,0.089806,0.284
3,8,-3.881368e-18,-3.808859e-18,-3.849522e-18,2.389001e-20,0,256,estado estable,3.810353,0.101903,0.088080,0.274
4,8,-3.944429e-18,-3.891108e-18,-3.921628e-18,1.767741e-20,0,256,estado estable,3.786191,0.095188,0.082020,0.257
5,8,-3.983900e-18,-3.949934e-18,-3.969897e-18,1.140305e-20,0,256,estado estable,3.685730,0.107479,0.072493,0.247
6,8,-4.000831e-18,-3.985765e-18,-3.994416e-18,5.267535e-21,0,256,estado estable,3.278494,0.139447,0.062695,0.259
7,8,-4.003303e-18,-3.989056e-18,-3.995013e-18,4.304334e-21,0,256,estado estable,4.354649,0.073194,0.119821,0.257
8,8,-3.986009e-18,-3.956869e-18,-3.971378e-18,1.051384e-20,0,256,estado estable,3.035475,0.194901,0.060381,0.287
9,8,-3.951423e-18,-3.898756e-18,-3.924374e-18,1.763883e-20,0,256,estado estable,3.770848,0.115334,0.088175,0.269

segmento,frecuencia,magnitud_qft
0,0,3.038326e-01
0,1,2.231712e-01
0,2,1.132081e-01
0,3,1.025735e-01
0,4,7.830001e-02
0,5,6.373102e-02
0,6,4.139484e-02
0,7,4.234884e-02
0,8,3.218531e-02
0,9,3.428937e-02
0,10,2.703432e-02
0,11,3.331804e-02
0,12,3.242051e-02
0,13,3.327224e-02
0,14,2.872176e-02
0,15,4.576165e-02
0,16,5.575280e-02
0,17,4.246630e-02
0,18,2.473712e-02
0,19,2.660291e-02
0,20,2.407503e-02
0,21,2.299434e-02
0,22,1.735746e-02
0,23,2.051073e-02
0,24,1.797208e-02
0,25,2.213523e-02
0,26,2.032656e-02
0,27,2.953800e-02
0,28,3.445617e-02
0,29,4.316511e-02
0,30,4.594331e-02
0,31,8.817377e-02
0,32,1.180624e-01
0,33,8.618359e-02
0,34,4.389410e-02
0,35,4.031278e-02
0,36,3.145895e-02
0,37,2.636825e-02
0,38,1.774424e-02
0,39,1.889978e-02
0,40,1.501248e-02
0,41,1.676624e-02
0,42,1.388922e-02
0,43,1.801798e-02
0,44,1.848081e-02
0,45,2.001472e-02
0,46,1.824966e-02
0,47,3.073817e-02
0,48,3.961824e-02
0,49,3.194607e-02
0,50,1.971209e-02
0,51,2.246754e-02
0,52,2.155850e-02
0,53,2.183757e-02
0,54,1.748218e-02
0,55,2.190037e-02
0,56,2.032566e-02
0,57,2.647475e-02
0,58,2.564913e-02
0,59,3.918932e-02
0,60,4.784567e-02
0,61,6.236919e-02
0,62,6.859150e-02
0,63,1.349278e-01
0,64,1.835638e-01
0,65,1.349278e-01
0,66,6.859150e-02
0,67,6.236919e-02
0,68,4.784567e-02
0,69,3.918932e-02
0,70,2.564913e-02
0,71,2.647475e-02
0,72,2.032566e-02
0,73,2.190037e-02
0,74,1.748218e-02
0,75,2.183757e-02
0,76,2.155850e-02
0,77,2.246754e-02
0,78,1.971209e-02
0,79,3.194607e-02
0,80,3.961824e-02
0,81,3.073817e-02
0,82,1.824966e-02
0,83,2.001472e-02
0,84,1.848081e-02
0,85,1.801798e-02
0,86,1.388922e-02
0,87,1.676624e-02
0,88,1.501248e-02
0,89,1.889978e-02
0,90,1.774424e-02
0,91,2.636825e-02
0,92,3.145895e-02
0,93,4.031278e-02
0,94,4.389410e-02
0,95,8.618359e-02
0,96,1.180624e-01
0,97,8.817377e-02
0,98,4.594331e-02
0,99,4.316511e-02
0,100,3.445617e-02
0,101,2.953800e-02
0,102,2.032656e-02
0,103,2.213523e-02
0,104,1.797208e-02
0,105,2.051073e-02
0,106,1.735746e-02
0,107,2.299434e-02
0,108,2.407503e-02
0,109,2.660291e-02
0,110,2.473712e-02
0,111,4.246630e-02
0,112,5.575280e-02
0,113,4.576165e-02
0,114,2.872176e-02
0,115,3.327224e-02
0,116,3.242051e-02
0,117,3.331804e-02
0,118,2.703432e-02
0,119,3.428937e-02
0,120,3.218531e-02
0,121,4.234884e-02
0,122,4.139484e-02
0,123,6.373102e-02
0,124,7.830001e-02
0,125,1.025735e-01
0,126,1.132081e-01
0,127,2.231712e-01
0,128,3.038326e-01
0,129,2.231712e-01
0,130,1.132081e-01
0,131,1.025735e-01
0,132,7.830001e-02
0,133,6.373102e-02
0,134,4.139484e-02
0,135,4.234884e-02
0,136,3.218531e-02
0,137,3.428937e-02
0,138,2.703432e-02
0,139,3.331804e-02
0,140,3.242051e-02
0,141,3.327224e-02
0,142,2.872176e-02
0,143,4.576165e-02
0,144,5.575280e-02
0,145,4.246630e-02
0,146,2.473712e-02
0,147,2.660291e-02
0,148,2.407503e-02
0,149,2.299434e-02
0,150,1.735746e-02
0,151,2.051073e-02
0,152,1.797208e-02
0,153,2.213523e-02
0,154,2.032656e-02
0,155,2.953800e-02
0,156,3.445617e-02
0,157,4.316511e-02
0,158,4.594331e-02
0,159,8.817377e-02
0,160,1.180624e-01
0,161,8.618359e-02
0,162,4.389410e-02
0,163,4.031278e-02
0,164,3.145895e-02
0,165,2.636825e-02
0,166,1.774424e-02
0,167,1.889978e-02
0,168,1.501248e-02
0,169,1.676624e-02
0,170,1.388922e-02
0,171,1.801798e-02
0,172,1.848081e-02
0,173,2.001472e-02
0,174,1.824966e-02
0,175,3.073817e-02
0,176,3.961824e-02
0,177,3.194607e-02
0,178,1.971209e-02
0,179,2.246754e-02
0,180,2.155850e-02
0,181,2.183757e-02
0,182,1.748218e-02
0,183,2.190037e-02
0,184,2.032566e-02
0,185,2.647475e-02
0,186,2.564913e-02
0,187,3.918932e-02
0,188,4.784567e-02
0,189,6.236919e-02
0,190,6.859150e-02
0,191,1.349278e-01
0,192,1.835638e-01
0,193,1.349278e-01
0,194,6.859150e-02
0,195,6.236919e-02
0,196,4.784567e-02
0,197,3.918932e-02
0,198,2.564913e-02
0,199,2.647475e-02
0,200,2.032566e-02
0,201,2.190037e-02
0,202,1.748218e-02
0,203,2.183757e-02
0,204,2.155850e-02
0,205,2.246754e-02
0,206,1.971209e-02
0,207,3.194607e-02
0,208,3.961824e-02
0,209,3.073817e-02
0,210,1.824966e-02
0,211,2.001472e-02
0,212,1.848081e-02
0,213,1.801798e-02
0,214,1.388922e-02
0,215,1.676624e-02
0,216,1.501248e-02
0,217,1.889978e-02
0,218,1.774424e-02
0,219,2.636825e-02
0,220,3.145895e-02
0,221,4.031278e-02
0,222,4.389410e-02
0,223,8.618359e-02
0,224,1.180624e-01
0,225,8.817377e-02
0,226,4.594331e-02
0,227,4.316511e-02
0,228,3.445617e-02
0,229,2.953800e-02
0,230,2.032656e-02
0,231,2.213523e-02
0,232,1.797208e-02
0,233,2.051073e-02
0,234,1.735746e-02
0,235,2.299434e-02
0,236,2.407503e-02
0,237,2.660291e-02
0,238,2.473712e-02
0,239,4.246630e-02
0,240,5.575280e-02
0,241,4.576165e-02
0,242,2.872176e-02
0,243,3.327224e-02
0,244,3.242051e-02
0,245,3.331804e-02
0,246,2.703432e-02
0,247,3.428937e-02
0,248,3.218531e-02
0,249,4.234884e-02
0,250,4.139484e-02
0,251,6.373102e-02
0,252,7.830001e-02
0,253,1.025735e-01
0,254,1.132081e-01
0,255,2.231712e-01
1,0,3.078004e-01
1,1,2.199376e-01
1,2,1.002205e-01
1,3,9.141748e-02
1,4,6.136999e-02
1,5,5.694777e-02
1,6,3.689442e-02
1,7,4.250036e-02
1,8,3.404375e-02
1,9,3.445682e-02
1,10,2.415294e-02
1,11,2.986146e-02
1,12,2.547893e-02
1,13,2.967465e-02
1,14,2.533118e-02
1,15,4.465164e-02
1,16,5.583771e-02
1,17,4.176438e-02
1,18,2.216562e-02
1,19,2.430228e-02
1,20,1.954197e-02
1,21,2.147040e-02
1,22,1.630095e-02
1,23,2.186715e-02
1,24,2.036186e-02
1,25,2.402678e-02
1,26,1.978607e-02
1,27,2.910008e-02
1,28,3.003911e-02
1,29,4.312630e-02
1,30,4.588429e-02
1,31,9.846836e-02
1,32,1.358435e-01
1,33,9.647049e-02
1,34,4.404266e-02
1,35,4.055941e-02
1,36,2.768335e-02
1,37,2.628238e-02
1,38,1.751624e-02
1,39,2.085330e-02
1,40,1.732995e-02
1,41,1.825543e-02
1,42,1.335270e-02
1,43,1.726261e-02
1,44,1.542825e-02
1,45,1.884817e-02
1,46,1.689610e-02
1,47,3.130608e-02
1,48,4.118308e-02
1,49,3.242433e-02
1,50,1.812288e-02
1,51,2.093214e-02
1,52,1.773397e-02
1,53,2.052557e-02
1,54,1.640960e-02
1,55,2.316078e-02
1,56,2.266166e-02
1,57,2.804588e-02
1,58,2.416146e-02
1,59,3.705148e-02
1,60,3.971420e-02
1,61,5.890968e-02
1,62,6.438696e-02
1,63,1.410420e-01
1,64,1.972666e-01
1,65,1.410420e-01
1,66,6.438696e-02
1,67,5.890968e-02
1,68,3.971420e-02
1,69,3.705148e-02
1,70,2.416146e-02
1,71,2.804588e-02
1,72,2.266166e-02
1,73,2.316078e-02
1,74,1.640960e-02
1,75,2.052557e-02
1,76,1.773397e-02
1,77,2.093214e-02
1,78,1.812288e-02
1,79,3.242433e-02
1,80,4.118308e-02
1,81,3.130608e-02
1,82,1.689610e-02
1,83,1.884817e-02
1,84,1.542825e-02
1,85,1.726261e-02
1,86,1.335270e-02
1,87,1.825543e-02
1,88,1.732995e-02
1,89,2.085330e-02
1,90,1.751624e-02
1,91,2.628238e-02
1,92,2.768335e-02
1,93,4.055941e-02
1,94,4.404266e-02
1,95,9.647049e-02
1,96,1.358435e-01
1,97,9.846836e-02
1,98,4.588429e-02
1,99,4.312630e-02
1,100,3.003911e-02
1,101,2.910008e-02
1,102,1.978607e-02
1,103,2.402678e-02
1,104,2.036186e-02
1,105,2.186715e-02
1,106,1.630095e-02
1,107,2.147040e-02
1,108,1.954197e-02
1,109,2.430228e-02
1,110,2.216562e-02
1,111,4.176438e-02
1,112,5.583771e-02
1,113,4.465164e-02
1,114,2.533118e-02
1,115,2.967465e-02
1,116,2.547893e-02
1,117,2.986146e-02
1,118,2.415294e-02
1,119,3.445682e-02
1,120,3.404375e-02
1,121,4.250036e-02
1,122,3.689442e-02
1,123,5.694777e-02
1,124,6.136999e-02
1,125,9.141748e-02
1,126,1.002205e-01
1,127,2.199376e-01
1,128,3.078004e-01
1,129,2.199376e-01
1,130,1.002205e-01
1,131,9.141748e-02
1,132,6.136999e-02
1,133,5.694777e-02
1,134,3.689442e-02
1,135,4.250036e-02
1,136,3.404375e-02
1,137,3.445682e-02
1,138,2.415294e-02
1,139,2.986146e-02
1,140,2.547893e-02
1,141,2.967465e-02
1,142,2.533118e-02
1,143,4.465164e-02
1,144,5.583771e-02
1,145,4.176438e-02
1,146,2.216562e-02
1,147,2.430228e-02
1,148,1.954197e-02
1,149,2.147040e-02
1,150,1.630095e-02
1,151,2.186715e-02
1,152,2.036186e-02
1,153,2.402678e-02
1,154,1.978607e-02
1,155,2.910008e-02
1,156,3.003911e-02
1,157,4.312630e-02
1,158,4.588429e-02
1,159,9.846836e-02
1,160,1.358435e-01
1,161,9.647049e-02
1,162,4.404266e-02
1,163,4.055941e-02
1,164,2.768335e-02
1,165,2.628238e-02
1,166,1.751624e-02
1,167,2.085330e-02
1,168,1.732995e-02
1,169,1.825543e-02
1,170,1.335270e-02
1,171,1.726261e-02
1,172,1.542825e-02
1,173,1.884817e-02
1,174,1.689610e-02
1,175,3.130608e-02
1,176,4.118308e-02
1,177,3.242433e-02
1,178,1.812288e-02
1,179,2.093214e-02
1,180,1.773397e-02
1,181,2.052557e-02
1,182,1.640960e-02
1,183,2.316078e-02
1,184,2.266166e-02
1,185,2.804588e-02
1,186,2.416146e-02
1,187,3.705148e-02
1,188,3.971420e-02
1,189,5.890968e-02
1,190,6.438696e-02
1,191,1.410420e-01
1,192,1.972666e-01
1,193,1.410420e-01
1,194,6.438696e-02
1,195,5.890968e-02
1,196,3.971420e-02
1,197,3.705148e-02
1,198,2.416146e-02
1,199,2.804588e-02
1,200,2.266166e-02
1,201,2.316078e-02
1,202,1.640960e-02
1,203,2.052557e-02
1,204,1.773397e-02
1,205,2.093214e-02
1,206,1.812288e-02
1,207,3.242433e-02
1,208,4.118308e-02
1,209,3.130608e-02
1,210,1.689610e-02
1,211,1.884817e-02
1,212,1.542825e-02
1,213,1.726261e-02
1,214,1.335270e-02
1,215,1.825543e-02
1,216,1.732995e-02
1,217,2.085330e-02
1,218,1.751624e-02
1,219,2.628238e-02
1,220,2.768335e-02
1,221,4.055941e-02
1,222,4.404266e-02
1,223,9.647049e-02
1,224,1.358435e-01
1,225,9.846836e-02
1,226,4.588429e-02
1,227,4.312630e-02
1,228,3.003911e-02
1,229,2.910008e-02
1,230,1.978607e-02
1,231,2.402678e-02
1,232,2.036186e-02
1,233,2.186715e-02
1,234,1.630095e-02
1,235,2.147040e-02
1,236,1.954197e-02
1,237,2.430228e-02
1,238,2.216562e-02
1,239,4.176438e-02
1,240,5.583771e-02
1,241,4.465164e-02
1,242,2.533118e-02
1,243,2.967465e-02
1,244,2.547893e-02
1,245,2.986146e-02
1,246,2.415294e-02
1,247,3.445682e-02
1,248,3.404375e-02
1,249,4.250036e-02
1,250,3.689442e-02
1,251,5.694777e-02
1,252,6.136999e-02
1,253,9.141748e-02
1,254,1.002205e-01
1,255,2.199376e-01
2,0,2.996772e-01
2,1,2.109943e-01
2,2,8.997572e-02
2,3,8.033412e-02
2,4,4.330548e-02
2,5,4.983732e-02
2,6,3.268263e-02
2,7,3.889320e-02
2,8,2.900256e-02
2,9,3.156998e-02
2,10,2.143625e-02
2,11,2.617047e-02
2,12,1.795599e-02
2,13,2.586546e-02
2,14,2.225381e-02
2,15,4.111268e-02
2,16,5.173208e-02
2,17,3.889769e-02
2,18,1.992566e-02
2,19,2.192893e-02
2,20,1.442611e-02
2,21,1.994729e-02
2,22,1.552373e-02
2,23,2.176252e-02
2,24,1.907482e-02
2,25,2.447350e-02
2,26,1.974100e-02
2,27,2.900685e-02
2,28,2.439373e-02
2,29,4.400897e-02
2,30,4.819287e-02
2,31,1.111243e-01
2,32,1.561125e-01
2,33,1.093717e-01
2,34,4.668616e-02
2,35,4.196452e-02
2,36,2.289784e-02
2,37,2.680680e-02
2,38,1.796422e-02
2,39,2.193360e-02
2,40,1.684003e-02
2,41,1.893075e-02
2,42,1.330923e-02
2,43,1.686068e-02
2,44,1.202613e-02
2,45,1.803620e-02
2,46,1.617601e-02
2,47,3.118233e-02
2,48,4.097142e-02
2,49,3.218534e-02
2,50,1.723009e-02
2,51,1.981795e-02
2,52,1.362298e-02
2,53,1.967346e-02
2,54,1.597794e-02
2,55,2.334845e-02
2,56,2.129869e-02
2,57,2.838281e-02
2,58,2.371954e-02
2,59,3.600008e-02
2,60,3.116096e-02
2,61,5.763067e-02
2,62,6.440748e-02
2,63,1.508393e-01
2,64,2.141451e-01
2,65,1.508393e-01
2,66,6.440748e-02
2,67,5.763067e-02
2,68,3.116096e-02
2,69,3.600008e-02
2,70,2.371954e-02
2,71,2.838281e-02
2,72,2.129869e-02
2,73,2.334845e-02
2,74,1.597794e-02
2,75,1.967346e-02
2,76,1.362298e-02
2,77,1.981795e-02
2,78,1.723009e-02
2,79,3.218534e-02
2,80,4.097142e-02
2,81,3.118233e-02
2,82,1.617601e-02
2,83,1.803620e-02
2,84,1.202613e-02
2,85,1.686068e-02
2,86,1.330923e-02
2,87,1.893075e-02
2,88,1.684003e-02
2,89,2.193360e-02
2,90,1.796422e-02
2,91,2.680680e-02
2,92,2.289784e-02
2,93,4.196452e-02
2,94,4.668616e-02
2,95,1.093717e-01
2,96,1.561125e-01
2,97,1.111243e-01
2,98,4.819287e-02
2,99,4.400897e-02
2,100,2.439373e-02
2,101,2.900685e-02
2,102,1.974100e-02
2,103,2.447350e-02
2,104,1.907482e-02
2,105,2.176252e-02
2,106,1.552373e-02
2,107,1.994729e-02
2,108,1.442611e-02
2,109,2.192893e-02
2,110,1.992566e-02
2,111,3.889769e-02
2,112,5.173208e-02
2,113,4.111268e-02
2,114,2.225381e-02
2,115,2.586546e-02
2,116,1.795599e-02
2,117,2.617047e-02
2,118,2.143625e-02
2,119,3.156998e-02
2,120,2.900256e-02
2,121,3.889320e-02
2,122,3.268263e-02
2,123,4.983732e-02
2,124,4.330548e-02
2,125,8.033412e-02
2,126,8.997572e-02
2,127,2.109943e-01
2,128,2.996772e-01
2,129,2.109943e-01
2,130,8.997572e-02
2,131,8.033412e-02
2,132,4.330548e-02
2,133,4.983732e-02
2,134,3.268263e-02
2,135,3.889320e-02
2,136,2.900256e-02
2,137,3.156998e-02
2,138,2.143625e-02
2,139,2.617047e-02
2,140,1.795599e-02
2,141,2.586546e-02
2,142,2.225381e-02
2,143,4.111268e-02
2,144,5.173208e-02
2,145,3.889769e-02
2,146,1.992566e-02
2,147,2.192893e-02
2,148,1.442611e-02
2,149,1.994729e-02
2,150,1.552373e-02
2,151,2.176252e-02
2,152,1.907482e-02
2,153,2.447350e-02
2,154,1.974100e-02
2,155,2.900685e-02
2,156,2.439373e-02
2,157,4.400897e-02
2,158,4.819287e-02
2,159,1.111243e-01
2,160,1.561125e-01
2,161,1.093717e-01
2,162,4.668616e-02
2,163,4.196452e-02
2,164,2.289784e-02
2,165,2.680680e-02
2,166,1.796422e-02
2,167,2.193360e-02
2,168,1.684003e-02
2,169,1.893075e-02
2,170,1.330923e-02
2,171,1.686068e-02
2,172,1.202613e-02
2,173,1.803620e-02
2,174,1.617601e-02
2,175,3.118233e-02
2,176,4.097142e-02
2,177,3.218534e-02
2,178,1.723009e-02
2,179,1.981795e-02
2,180,1.362298e-02
2,181,1.967346e-02
2,182,1.597794e-02
2,183,2.334845e-02
2,184,2.129869e-02
2,185,2.838281e-02
2,186,2.371954e-02
2,187,3.600008e-02
2,188,3.116096e-02
2,189,5.763067e-02
2,190,6.440748e-02
2,191,1.508393e-01
2,192,2.141451e-01
2,193,1.508393e-01
2,194,6.440748e-02
2,195,5.763067e-02
2,196,3.116096e-02
2,197,3.600008e-02
2,198,2.371954e-02
2,199,2.838281e-02
2,200,2.129869e-02
2,201,2.334845e-02
2,202,1.597794e-02
2,203,1.967346e-02
2,204,1.362298e-02
2,205,1.981795e-02
2,206,1.723009e-02
2,207,3.218534e-02
2,208,4.097142e-02
2,209,3.118233e-02
2,210,1.617601e-02
2,211,1.803620e-02
2,212,1.202613e-02
2,213,1.686068e-02
2,214,1.330923e-02
2,215,1.893075e-02
2,216,1.684003e-02
2,217,2.193360e-02
2,218,1.796422e-02
2,219,2.680680e-02
2,220,2.289784e-02
2,221,4.196452e-02
2,222,4.668616e-02
2,223,1.093717e-01
2,224,1.561125e-01
2,225,1.111243e-01
2,226,4.819287e-02
2,227,4.400897e-02
2,228,2.439373e-02
2,229,2.900685e-02
2,230,1.974100e-02
2,231,2.447350e-02
2,232,1.907482e-02
2,233,2.176252e-02
2,234,1.552373e-02
2,235,1.994729e-02
2,236,1.442611e-02
2,237,2.192893e-02
2,238,1.992566e-02
2,239,3.889769e-02
2,240,5.173208e-02
2,241,4.111268e-02
2,242,2.225381e-02
2,243,2.586546e-02
2,244,1.795599e-02
2,245,2.617047e-02
2,246,2.143625e-02
2,247,3.156998e-02
2,248,2.900256e-02
2,249,3.889320e-02
2,250,3.268263e-02
2,251,4.983732e-02
2,252,4.330548e-02
2,253,8.033412e-02
2,254,8.997572e-02
2,255,2.109943e-01
3,0,2.967821e-01
3,1,2.072105e-01
3,2,8.488961e-02
3,3,7.248692e-02
3,4,2.325171e-02
3,5,4.443668e-02
3,6,2.976410e-02
3,7,3.374257e-02
3,8,1.719659e-02
3,9,2.723849e-02
3,10,1.928115e-02
3,11,2.281236e-02
3,12,9.266906e-03
3,13,2.176204e-02
3,14,1.850287e-02
3,15,3.243272e-02
3,16,3.860095e-02
3,17,3.086681e-02
3,18,1.676378e-02
3,19,1.877984e-02
3,20,7.623369e-03
3,21,1.791008e-02
3,22,1.446827e-02
3,23,1.957144e-02
3,24,1.185797e-02
3,25,2.238875e-02
3,26,1.906233e-02
3,27,2.756769e-02
3,28,1.402895e-02
3,29,4.272241e-02
3,30,4.910736e-02
3,31,1.182473e-01
3,32,1.679483e-01
3,33,1.168986e-01
3,34,4.799470e-02
3,35,4.128122e-02
3,36,1.340306e-02
3,37,2.604380e-02
3,38,1.780977e-02
3,39,2.068973e-02
3,40,1.084058e-02
3,41,1.770387e-02
3,42,1.295272e-02
3,43,1.587259e-02
3,44,6.689908e-03
3,45,1.632359e-02
3,46,1.443724e-02
3,47,2.634757e-02
3,48,3.266942e-02
3,49,2.722634e-02
3,50,1.541291e-02
3,51,1.799582e-02
3,52,7.610772e-03
3,53,1.861616e-02
3,54,1.564194e-02
3,55,2.197849e-02
3,56,1.380833e-02
3,57,2.697703e-02
3,58,2.370634e-02
3,59,3.527875e-02
3,60,1.841089e-02
3,61,5.727695e-02
3,62,6.697768e-02
3,63,1.633427e-01
3,64,2.338817e-01
3,65,1.633427e-01
3,66,6.697768e-02
3,67,5.727695e-02
3,68,1.841089e-02
3,69,3.527875e-02
3,70,2.370634e-02
3,71,2.697703e-02
3,72,1.380833e-02
3,73,2.197849e-02
3,74,1.564194e-02
3,75,1.861616e-02
3,76,7.610772e-03
3,77,1.799582e-02
3,78,1.541291e-02
3,79,2.722634e-02
3,80,3.266942e-02
3,81,2.634757e-02
3,82,1.443724e-02
3,83,1.632359e-02
3,84,6.689908e-03
3,85,1.587259e-02
3,86,1.295272e-02
3,87,1.770387e-02
3,88,1.084058e-02
3,89,2.068973e-02
3,90,1.780977e-02
3,91,2.604380e-02
3,92,1.340306e-02
3,93,4.128122e-02
3,94,4.799470e-02
3,95,1.168986e-01
3,96,1.679483e-01
3,97,1.182473e-01
3,98,4.910736e-02
3,99,4.272241e-02
3,100,1.402895e-02
3,101,2.756769e-02
3,102,1.906233e-02
3,103,2.238875e-02
3,104,1.185797e-02
3,105,1.957144e-02
3,106,1.446827e-02
3,107,1.791008e-02
3,108,7.623369e-03
3,109,1.877984e-02
3,110,1.676378e-02
3,111,3.086681e-02
3,112,3.860095e-02
3,113,3.243272e-02
3,114,1.850287e-02
3,115,2.176204e-02
3,116,9.266906e-03
3,117,2.281236e-02
3,118,1.928115e-02
3,119,2.723849e-02
3,120,1.719659e-02
3,121,3.374257e-02
3,122,2.976410e-02
3,123,4.443668e-02
3,124,2.325171e-02
3,125,7.248692e-02
3,126,8.488961e-02
3,127,2.072105e-01
3,128,2.967821e-01
3,129,2.072105e-01
3,130,8.488961e-02
3,131,7.248692e-02
3,132,2.325171e-02
3,133,4.443668e-02
3,134,2.976410e-02
3,135,3.374257e-02
3,136,1.719659e-02
3,137,2.723849e-02
3,138,1.928115e-02
3,139,2.281236e-02
3,140,9.266906e-03
3,141,2.176204e-02
3,142,1.850287e-02
3,143,3.243272e-02
3,144,3.860095e-02
3,145,3.086681e-02
3,146,1.676378e-02
3,147,1.877984e-02
3,148,7.623369e-03
3,149,1.791008e-02
3,150,1.446827e-02
3,151,1.957144e-02
3,152,1.185797e-02
3,153,2.238875e-02
3,154,1.906233e-02
3,155,2.756769e-02
3,156,1.402895e-02
3,157,4.272241e-02
3,158,4.910736e-02
3,159,1.182473e-01
3,160,1.679483e-01
3,161,1.168986e-01
3,162,4.799470e-02
3,163,4.128122e-02
3,164,1.340306e-02
3,165,2.604380e-02
3,166,1.780977e-02
3,167,2.068973e-02
3,168,1.084058e-02
3,169,1.770387e-02
3,170,1.295272e-02
3,171,1.587259e-02
3,172,6.689908e-03
3,173,1.632359e-02
3,174,1.443724e-02
3,175,2.634757e-02
3,176,3.266942e-02
3,177,2.722634e-02
3,178,1.541291e-02
3,179,1.799582e-02
3,180,7.610772e-03
3,181,1.861616e-02
3,182,1.564194e-02
3,183,2.197849e-02
3,184,1.380833e-02
3,185,2.697703e-02
3,186,2.370634e-02
3,187,3.527875e-02
3,188,1.841089e-02
3,189,5.727695e-02
3,190,6.697768e-02
3,191,1.633427e-01
3,192,2.338817e-01
3,193,1.633427e-01
3,194,6.697768e-02
3,195,5.727695e-02
3,196,1.841089e-02
3,197,3.527875e-02
3,198,2.370634e-02
3,199,2.697703e-02
3,200,1.380833e-02
3,201,2.197849e-02
3,202,1.564194e-02
3,203,1.861616e-02
3,204,7.610772e-03
3,205,1.799582e-02
3,206,1.541291e-02
3,207,2.722634e-02
3,208,3.266942e-02
3,209,2.634757e-02
3,210,1.443724e-02
3,211,1.632359e-02
3,212,6.689908e-03
3,213,1.587259e-02
3,214,1.295272e-02
3,215,1.770387e-02
3,216,1.084058e-02
3,217,2.068973e-02
3,218,1.780977e-02
3,219,2.604380e-02
3,220,1.340306e-02
3,221,4.128122e-02
3,222,4.799470e-02
3,223,1.168986e-01
3,224,1.679483e-01
3,225,1.182473e-01
3,226,4.910736e-02
3,227,4.272241e-02
3,228,1.402895e-02
3,229,2.756769e-02
3,230,1.906233e-02
3,231,2.238875e-02
3,232,1.185797e-02
3,233,1.957144e-02
3,234,1.446827e-02
3,235,1.791008e-02
3,236,7.623369e-03
3,237,1.877984e-02
3,238,1.676378e-02
3,239,3.086681e-02
3,240,3.860095e-02
3,241,3.243272e-02
3,242,1.850287e-02
3,243,2.176204e-02
3,244,9.266906e-03
3,245,2.281236e-02
3,246,1.928115e-02
3,247,2.723849e-02
3,248,1.719659e-02
3,249,3.374257e-02
3,250,2.976410e-02
3,251,4.443668e-02
3,252,2.325171e-02
3,253,7.248692e-02
3,254,8.488961e-02
3,255,2.072105e-01
4,0,2.863917e-01
4,1,2.025887e-01
4,2,8.822772e-02
4,3,6.817460e-02
4,4,5.503293e-03
4,5,4.149913e-02
4,6,3.027756e-02
4,7,3.025344e-02
4,8,5.654232e-04
4,9,2.432833e-02
4,10,1.944438e-02
4,11,2.096668e-02
4,12,2.131495e-03
4,13,1.940784e-02
4,14,1.727812e-02
4,15,2.518995e-02
4,16,2.595067e-02
4,17,2.404387e-02
4,18,1.574586e-02
4,19,1.689563e-02
4,20,1.774057e-03
4,21,1.670290e-02
4,22,1.484813e-02
4,23,1.784015e-02
4,24,3.990522e-04
4,25,2.060350e-02
4,26,1.995836e-02
4,27,2.657038e-02
4,28,3.435883e-03
4,29,4.168398e-02
4,30,5.307684e-02
4,31,1.205055e-01
4,32,1.693001e-01
4,33,1.196349e-01
4,34,5.231356e-02
4,35,4.078977e-02
4,36,3.338220e-03
4,37,2.563290e-02
4,38,1.911985e-02
4,39,1.960212e-02
4,40,3.770896e-04
4,41,1.674647e-02
4,42,1.384748e-02
4,43,1.547873e-02
4,44,1.633929e-03
4,45,1.546842e-02
4,46,1.433290e-02
4,47,2.176529e-02
4,48,2.336703e-02
4,49,2.256758e-02
4,50,1.540533e-02
4,51,1.722610e-02
4,52,1.883881e-03
4,53,1.845810e-02
4,54,1.705583e-02
4,55,2.126912e-02
4,56,4.928455e-04
4,57,2.630003e-02
4,58,2.625999e-02
4,59,3.592156e-02
4,60,4.755915e-03
4,61,5.884152e-02
4,62,7.608031e-02
4,63,1.746005e-01
4,64,2.467810e-01
4,65,1.746005e-01
4,66,7.608031e-02
4,67,5.884152e-02
4,68,4.755915e-03
4,69,3.592156e-02
4,70,2.625999e-02
4,71,2.630003e-02
4,72,4.928455e-04
4,73,2.126912e-02
4,74,1.705583e-02
4,75,1.845810e-02
4,76,1.883881e-03
4,77,1.722610e-02
4,78,1.540533e-02
4,79,2.256758e-02
4,80,2.336703e-02
4,81,2.176529e-02
4,82,1.433290e-02
4,83,1.546842e-02
4,84,1.633929e-03
4,85,1.547873e-02
4,86,1.384748e-02
4,87,1.674647e-02
4,88,3.770896e-04
4,89,1.960212e-02
4,90,1.911985e-02
4,91,2.563290e-02
4,92,3.338220e-03
4,93,4.078977e-02
4,94,5.231356e-02
4,95,1.196349e-01
4,96,1.693001e-01
4,97,1.205055e-01
4,98,5.307684e-02
4,99,4.168398e-02
4,100,3.435883e-03
4,101,2.657038e-02
4,102,1.995836e-02
4,103,2.060350e-02
4,104,3.990522e-04
4,105,1.784015e-02
4,106,1.484813e-02
4,107,1.670290e-02
4,108,1.774057e-03
4,109,1.689563e-02
4,110,1.574586e-02
4,111,2.404387e-02
4,112,2.595067e-02
4,113,2.518995e-02
4,114,1.727812e-02
4,115,1.940784e-02
4,116,2.131495e-03
4,117,2.096668e-02
4,118,1.944438e-02
4,119,2.432833e-02
4,120,5.654232e-04
4,121,3.025344e-02
4,122,3.027756e-02
4,123,4.149913e-02
4,124,5.503293e-03
4,125,6.817460e-02
4,126,8.822772e-02
4,127,2.025887e-01
4,128,2.863917e-01
4,129,2.025887e-01
4,130,8.822772e-02
4,131,6.817460e-02
4,132,5.503293e-03
4,133,4.149913e-02
4,134,3.027756e-02
4,135,3.025344e-02
4,136,5.654232e-04
4,137,2.432833e-02
4,138,1.944438e-02
4,139,2.096668e-02
4,140,2.131495e-03
4,141,1.940784e-02
4,142,1.727812e-02
4,143,2.518995e-02
4,144,2.595067e-02
4,145,2.404387e-02
4,146,1.574586e-02
4,147,1.689563e-02
4,148,1.774057e-03
4,149,1.670290e-02
4,150,1.484813e-02
4,151,1.784015e-02
4,152,3.990522e-04
4,153,2.060350e-02
4,154,1.995836e-02
4,155,2.657038e-02
4,156,3.435883e-03
4,157,4.168398e-02
4,158,5.307684e-02
4,159,1.205055e-01
4,160,1.693001e-01
4,161,1.196349e-01
4,162,5.231356e-02
4,163,4.078977e-02
4,164,3.338220e-03
4,165,2.563290e-02
4,166,1.911985e-02
4,167,1.960212e-02
4,168,3.770896e-04
4,169,1.674647e-02
4,170,1.384748e-02
4,171,1.547873e-02
4,172,1.633929e-03
4,173,1.546842e-02
4,174,1.433290e-02
4,175,2.176529e-02
4,176,2.336703e-02
4,177,2.256758e-02
4,178,1.540533e-02
4,179,1.722610e-02
4,180,1.883881e-03
4,181,1.845810e-02
4,182,1.705583e-02
4,183,2.126912e-02
4,184,4.928455e-04
4,185,2.630003e-02
4,186,2.625999e-02
4,187,3.592156e-02
4,188,4.755915e-03
4,189,5.884152e-02
4,190,7.608031e-02
4,191,1.746005e-01
4,192,2.467810e-01
4,193,1.746005e-01
4,194,7.608031e-02
4,195,5.884152e-02
4,196,4.755915e-03
4,197,3.592156e-02
4,198,2.625999e-02
4,199,2.630003e-02
4,200,4.928455e-04
4,201,2.126912e-02
4,202,1.705583e-02
4,203,1.845810e-02
4,204,1.883881e-03
4,205,1.722610e-02
4,206,1.540533e-02
4,207,2.256758e-02
4,208,2.336703e-02
4,209,2.176529e-02
4,210,1.433290e-02
4,211,1.546842e-02
4,212,1.633929e-03
4,213,1.547873e-02
4,214,1.384748e-02
4,215,1.674647e-02
4,216,3.770896e-04
4,217,1.960212e-02
4,218,1.911985e-02
4,219,2.563290e-02
4,220,3.338220e-03
4,221,4.078977e-02
4,222,5.231356e-02
4,223,1.196349e-01
4,224,1.693001e-01
4,225,1.205055e-01
4,226,5.307684e-02
4,227,4.168398e-02
4,228,3.435883e-03
4,229,2.657038e-02
4,230,1.995836e-02
4,231,2.060350e-02
4,232,3.990522e-04
4,233,1.784015e-02
4,234,1.484813e-02
4,235,1.670290e-02
4,236,1.774057e-03
4,237,1.689563e-02
4,238,1.574586e-02
4,239,2.404387e-02
4,240,2.595067e-02
4,241,2.518995e-02
4,242,1.727812e-02
4,243,1.940784e-02
4,244,2.131495e-03
4,245,2.096668e-02
4,246,1.944438e-02
4,247,2.432833e-02
4,248,5.654232e-04
4,249,3.025344e-02
4,250,3.027756e-02
4,251,4.149913e-02
4,252,5.503293e-03
4,253,6.817460e-02
4,254,8.822772e-02
4,255,2.025887e-01
5,0,2.692449e-01
5,1,1.958198e-01
5,2,9.473546e-02
5,3,6.729097e-02
5,4,1.346712e-02
5,5,4.233119e-02
5,6,3.591749e-02
5,7,4.144080e-02
5,8,3.655913e-02
5,9,3.312164e-02
5,10,2.277008e-02
5,11,2.093204e-02
5,12,5.041823e-03
5,13,1.811814e-02
5,14,1.671031e-02
5,15,1.884650e-02
5,16,1.364363e-02
5,17,1.782838e-02
5,18,1.495659e-02
5,19,1.534993e-02
5,20,4.045843e-03
5,21,1.592468e-02
5,22,1.644460e-02
5,23,2.274666e-02
5,24,2.392879e-02
5,25,2.592446e-02
5,26,2.155208e-02
5,27,2.446990e-02
5,28,7.538514e-03
5,29,3.669618e-02
5,30,5.067319e-02
5,31,1.035009e-01
5,32,1.417283e-01
5,33,1.034780e-01
5,34,5.065076e-02
5,35,3.667183e-02
5,36,7.531850e-03
5,37,2.444289e-02
5,38,2.152357e-02
5,39,2.588450e-02
5,40,2.388670e-02
5,41,2.270173e-02
5,42,1.640858e-02
5,43,1.588639e-02
5,44,4.035256e-03
5,45,1.530653e-02
5,46,1.491117e-02
5,47,1.777055e-02
5,48,1.359657e-02
5,49,1.877767e-02
5,50,1.664592e-02
5,51,1.804471e-02
5,52,5.020402e-03
5,53,2.083905e-02
5,54,2.266456e-02
5,55,3.296192e-02
5,56,3.637605e-02
5,57,4.122571e-02
5,58,3.572462e-02
5,59,4.209641e-02
5,60,1.339010e-02
5,61,6.689470e-02
5,62,9.416183e-02
5,63,1.946022e-01
5,64,2.675281e-01
5,65,1.945407e-01
5,66,9.410236e-02
5,67,6.683136e-02
5,68,1.337321e-02
5,69,4.203011e-02
5,70,3.565719e-02
5,71,4.113506e-02
5,72,3.628479e-02
5,73,3.286906e-02
5,74,2.259377e-02
5,75,2.076761e-02
5,76,5.001672e-03
5,77,1.797198e-02
5,78,1.657387e-02
5,79,1.869085e-02
5,80,1.352974e-02
5,81,1.767807e-02
5,82,1.482931e-02
5,83,1.521817e-02
5,84,4.010837e-03
5,85,1.578589e-02
5,86,1.630031e-02
5,87,2.254588e-02
5,88,2.371643e-02
5,89,2.569329e-02
5,90,2.135910e-02
5,91,2.425002e-02
5,92,7.470575e-03
5,93,3.636470e-02
5,94,5.021466e-02
5,95,1.025633e-01
5,96,1.404437e-01
5,97,1.025402e-01
5,98,5.019203e-02
5,99,3.634013e-02
5,100,7.463850e-03
5,101,2.422276e-02
5,102,2.133033e-02
5,103,2.565297e-02
5,104,2.367396e-02
5,105,2.250055e-02
5,106,1.626397e-02
5,107,1.574726e-02
5,108,4.000158e-03
5,109,1.517439e-02
5,110,1.478350e-02
5,111,1.761974e-02
5,112,1.348228e-02
5,113,1.862144e-02
5,114,1.650894e-02
5,115,1.789796e-02
5,116,4.980078e-03
5,117,2.067387e-02
5,118,2.248743e-02
5,119,3.270811e-02
5,120,3.610032e-02
5,121,4.091836e-02
5,122,3.546290e-02
5,123,4.179364e-02
5,124,1.329564e-02
5,125,6.643235e-02
5,126,9.352484e-02
5,127,1.933152e-01
5,128,2.658002e-01
5,129,1.933152e-01
5,130,9.352484e-02
5,131,6.643235e-02
5,132,1.329564e-02
5,133,4.179364e-02
5,134,3.546290e-02
5,135,4.091836e-02
5,136,3.610032e-02
5,137,3.270811e-02
5,138,2.248743e-02
5,139,2.067387e-02
5,140,4.980078e-03
5,141,1.789796e-02
5,142,1.650894e-02
5,143,1.862144e-02
5,144,1.348228e-02
5,145,1.761974e-02
5,146,1.478350e-02
5,147,1.517439e-02
5,148,4.000158e-03
5,149,1.574726e-02
5,150,1.626397e-02
5,151,2.250055e-02
5,152,2.367396e-02
5,153,2.565297e-02
5,154,2.133033e-02
5,155,2.422276e-02
5,156,7.463850e-03
5,157,3.634013e-02
5,158,5.019203e-02
5,159,1.025402e-01
5,160,1.404437e-01
5,161,1.025633e-01
5,162,5.021466e-02
5,163,3.636470e-02
5,164,7.470575e-03
5,165,2.425002e-02
5,166,2.135910e-02
5,167,2.569329e-02
5,168,2.371643e-02
5,169,2.254588e-02
5,170,1.630031e-02
5,171,1.578589e-02
5,172,4.010837e-03
5,173,1.521817e-02
5,174,1.482931e-02
5,175,1.767807e-02
5,176,1.352974e-02
5,177,1.869085e-02
5,178,1.657387e-02
5,179,1.797198e-02
5,180,5.001672e-03
5,181,2.076761e-02
5,182,2.259377e-02
5,183,3.286906e-02
5,184,3.628479e-02
5,185,4.113506e-02
5,186,3.565719e-02
5,187,4.203011e-02
5,188,1.337321e-02
5,189,6.683136e-02
5,190,9.410236e-02
5,191,1.945407e-01
5,192,2.675281e-01
5,193,1.946022e-01
5,194,9.416183e-02
5,195,6.689470e-02
5,196,1.339010e-02
5,197,4.209641e-02
5,198,3.572462e-02
5,199,4.122571e-02
5,200,3.637605e-02
5,201,3.296192e-02
5,202,2.266456e-02
5,203,2.083905e-02
5,204,5.020402e-03
5,205,1.804471e-02
5,206,1.664592e-02
5,207,1.877767e-02
5,208,1.359657e-02
5,209,1.777055e-02
5,210,1.491117e-02
5,211,1.530653e-02
5,212,4.035256e-03
5,213,1.588639e-02
5,214,1.640858e-02
5,215,2.270173e-02
5,216,2.388670e-02
5,217,2.588450e-02
5,218,2.152357e-02
5,219,2.444289e-02
5,220,7.531850e-03
5,221,3.667183e-02
5,222,5.065076e-02
5,223,1.034780e-01
5,224,1.417283e-01
5,225,1.035009e-01
5,226,5.067319e-02
5,227,3.669618e-02
5,228,7.538514e-03
5,229,2.446990e-02
5,230,2.155208e-02
5,231,2.592446e-02
5,232,2.392879e-02
5,233,2.274666e-02
5,234,1.644460e-02
5,235,1.592468e-02
5,236,4.045843e-03
5,237,1.534993e-02
5,238,1.495659e-02
5,239,1.782838e-02
5,240,1.364363e-02
5,241,1.884650e-02
5,242,1.671031e-02
5,243,1.811814e-02
5,244,5.041823e-03
5,245,2.093204e-02
5,246,2.277008e-02
5,247,3.312164e-02
5,248,3.655913e-02
5,249,4.144080e-02
5,250,3.591749e-02
5,251,4.233119e-02
5,252,1.346712e-02
5,253,6.729097e-02
5,254,9.473546e-02
5,255,1.958198e-01
6,0,2.503907e-01
6,1,1.983807e-01
6,2,1.215313e-01
6,3,8.446861e-02
6,4,4.577146e-02
6,5,7.142559e-02
6,6,8.758293e-02
6,7,1.236377e-01
6,8,1.374882e-01
6,9,9.769976e-02
6,10,5.428268e-02
6,11,3.416052e-02
6,12,1.642009e-02
6,13,2.168184e-02
6,14,2.062739e-02
6,15,1.976437e-02
6,16,1.621396e-02
6,17,1.792428e-02
6,18,1.695163e-02
6,19,1.611975e-02
6,20,1.101613e-02
6,21,2.060786e-02
6,22,2.930855e-02
6,23,4.692921e-02
6,24,5.830942e-02
6,25,4.586040e-02
6,26,2.808369e-02
6,27,1.952268e-02
6,28,1.049576e-02
6,29,1.600680e-02
6,30,1.894063e-02
6,31,2.618560e-02
6,32,3.078137e-02
6,33,2.605285e-02
6,34,1.874909e-02
6,35,1.576464e-02
6,36,1.028463e-02
6,37,1.903314e-02
6,38,2.724105e-02
6,39,4.425969e-02
6,40,5.599033e-02
6,41,4.483575e-02
6,42,2.786031e-02
6,43,1.949123e-02
6,44,1.036703e-02
6,45,1.509411e-02
6,46,1.579392e-02
6,47,1.661711e-02
6,48,1.495700e-02
6,49,1.814207e-02
6,50,1.884099e-02
6,51,1.970694e-02
6,52,1.485151e-02
6,53,3.074685e-02
6,54,4.862147e-02
6,55,8.708856e-02
6,56,1.219676e-01
6,57,1.091574e-01
6,58,7.695851e-02
6,59,6.246530e-02
6,60,3.984200e-02
6,61,7.318419e-02
6,62,1.048094e-01
6,63,1.703014e-01
6,64,2.139734e-01
6,65,1.687646e-01
6,66,1.029268e-01
6,67,7.122195e-02
6,68,3.842477e-02
6,69,5.970210e-02
6,70,7.289480e-02
6,71,1.024690e-01
6,72,1.134738e-01
6,73,8.030417e-02
6,74,4.443718e-02
6,75,2.785339e-02
6,76,1.333603e-02
6,77,1.754182e-02
6,78,1.662577e-02
6,79,1.587129e-02
6,80,1.297312e-02
6,81,1.429087e-02
6,82,1.346875e-02
6,83,1.276472e-02
6,84,8.694793e-03
6,85,1.621370e-02
6,86,2.298824e-02
6,87,3.669963e-02
6,88,4.546850e-02
6,89,3.566247e-02
6,90,2.178109e-02
6,91,1.510317e-02
6,92,8.100268e-03
6,93,1.232543e-02
6,94,1.455328e-02
6,95,2.007969e-02
6,96,2.355977e-02
6,97,1.990626e-02
6,98,1.430310e-02
6,99,1.200926e-02
6,100,7.824760e-03
6,101,1.446483e-02
6,102,2.068325e-02
6,103,3.357911e-02
6,104,4.245366e-02
6,105,3.398171e-02
6,106,2.111079e-02
6,107,1.476848e-02
6,108,7.856183e-03
6,109,1.144220e-02
6,110,1.197904e-02
6,111,1.261259e-02
6,112,1.136315e-02
6,113,1.379863e-02
6,114,1.434957e-02
6,115,1.503253e-02
6,116,1.134891e-02
6,117,2.354229e-02
6,118,3.731088e-02
6,119,6.699203e-02
6,120,9.407130e-02
6,121,8.443310e-02
6,122,5.971176e-02
6,123,4.862756e-02
6,124,3.112590e-02
6,125,5.738942e-02
6,126,8.251731e-02
6,127,1.346445e-01
6,128,1.699228e-01
6,129,1.346445e-01
6,130,8.251731e-02
6,131,5.738942e-02
6,132,3.112590e-02
6,133,4.862756e-02
6,134,5.971176e-02
6,135,8.443310e-02
6,136,9.407130e-02
6,137,6.699203e-02
6,138,3.731088e-02
6,139,2.354229e-02
6,140,1.134891e-02
6,141,1.503253e-02
6,142,1.434957e-02
6,143,1.379863e-02
6,144,1.136315e-02
6,145,1.261259e-02
6,146,1.197904e-02
6,147,1.144220e-02
6,148,7.856183e-03
6,149,1.476848e-02
6,150,2.111079e-02
6,151,3.398171e-02
6,152,4.245366e-02
6,153,3.357911e-02
6,154,2.068325e-02
6,155,1.446483e-02
6,156,7.824760e-03
6,157,1.200926e-02
6,158,1.430310e-02
6,159,1.990626e-02
6,160,2.355977e-02
6,161,2.007969e-02
6,162,1.455328e-02
6,163,1.232543e-02
6,164,8.100268e-03
6,165,1.510317e-02
6,166,2.178109e-02
6,167,3.566247e-02
6,168,4.546850e-02
6,169,3.669963e-02
6,170,2.298824e-02
6,171,1.621370e-02
6,172,8.694793e-03
6,173,1.276472e-02
6,174,1.346875e-02
6,175,1.429087e-02
6,176,1.297312e-02
6,177,1.587129e-02
6,178,1.662577e-02
6,179,1.754182e-02
6,180,1.333603e-02
6,181,2.785339e-02
6,182,4.443718e-02
6,183,8.030417e-02
6,184,1.134738e-01
6,185,1.024690e-01
6,186,7.289480e-02
6,187,5.970210e-02
6,188,3.842477e-02
6,189,7.122195e-02
6,190,1.029268e-01
6,191,1.687646e-01
6,192,2.139734e-01
6,193,1.703014e-01
6,194,1.048094e-01
6,195,7.318419e-02
6,196,3.984200e-02
6,197,6.246530e-02
6,198,7.695851e-02
6,199,1.091574e-01
6,200,1.219676e-01
6,201,8.708856e-02
6,202,4.862147e-02
6,203,3.074685e-02
6,204,1.485151e-02
6,205,1.970694e-02
6,206,1.884099e-02
6,207,1.814207e-02
6,208,1.495700e-02
6,209,1.661711e-02
6,210,1.579392e-02
6,211,1.509411e-02
6,212,1.036703e-02
6,213,1.949123e-02
6,214,2.786031e-02
6,215,4.483575e-02
6,216,5.599033e-02
6,217,4.425969e-02
6,218,2.724105e-02
6,219,1.903314e-02
6,220,1.028463e-02
6,221,1.576464e-02
6,222,1.874909e-02
6,223,2.605285e-02
6,224,3.078137e-02
6,225,2.618560e-02
6,226,1.894063e-02
6,227,1.600680e-02
6,228,1.049576e-02
6,229,1.952268e-02
6,230,2.808369e-02
6,231,4.586040e-02
6,232,5.830942e-02
6,233,4.692921e-02
6,234,2.930855e-02
6,235,2.060786e-02
6,236,1.101613e-02
6,237,1.611975e-02
6,238,1.695163e-02
6,239,1.792428e-02
6,240,1.621396e-02
6,241,1.976437e-02
6,242,2.062739e-02
6,243,2.168184e-02
6,244,1.642009e-02
6,245,3.416052e-02
6,246,5.428268e-02
6,247,9.769976e-02
6,248,1.374882e-01
6,249,1.236377e-01
6,250,8.758293e-02
6,251,7.142559e-02
6,252,4.577146e-02
6,253,8.446861e-02
6,254,1.215313e-01
6,255,1.983807e-01
7,0,3.461514e-01
7,1,4.119643e-02
7,2,3.819550e-02
7,3,1.796701e-02
7,4,6.035650e-02
7,5,1.654146e-02
7,6,3.232451e-02
7,7,3.194460e-02
7,8,2.446699e-01
7,9,2.634447e-02
7,10,2.186764e-02
7,11,9.078237e-03
7,12,2.640514e-02
7,13,6.118574e-03
7,14,9.889473e-03
7,15,8.193039e-03
7,16,6.040181e-02
7,17,8.047888e-03
7,18,9.542113e-03
7,19,5.798978e-03
7,20,2.458173e-02
7,21,8.301168e-03
7,22,1.964002e-02
7,23,2.323905e-02
7,24,2.119744e-01
7,25,2.718050e-02
7,26,2.701039e-02
7,27,1.357351e-02
7,28,4.863425e-02
7,29,1.421586e-02
7,30,2.967348e-02
7,31,3.142355e-02
7,32,2.592284e-01
7,33,3.028870e-02
7,34,2.756922e-02
7,35,1.273121e-02
7,36,4.198509e-02
7,37,1.129598e-02
7,38,2.167061e-02
7,39,2.102545e-02
7,40,1.581134e-01
7,41,1.671719e-02
7,42,1.362774e-02
7,43,5.557167e-03
7,44,1.588092e-02
7,45,3.616638e-03
7,46,5.747230e-03
7,47,4.683385e-03
7,48,3.398079e-02
7,49,4.458816e-03
7,50,5.210424e-03
7,51,3.123667e-03
7,52,1.307578e-02
7,53,4.365772e-03
7,54,1.022655e-02
7,55,1.199905e-02
7,56,1.087200e-01
7,57,1.387455e-02
7,58,1.375139e-02
7,59,6.908098e-03
7,60,2.480434e-02
7,61,7.284669e-03
7,62,1.531938e-02
7,63,1.639034e-02
7,64,1.370007e-01
7,65,1.626608e-02
7,66,1.508804e-02
7,67,7.120346e-03
7,68,2.406154e-02
7,69,6.650669e-03
7,70,1.313931e-02
7,71,1.315751e-02
7,72,1.023303e-01
7,73,1.120972e-02
7,74,9.482975e-03
7,75,4.018466e-03
7,76,1.194726e-02
7,77,2.833263e-03
7,78,4.691779e-03
7,79,3.986110e-03
7,80,3.016151e-02
7,81,4.127580e-03
7,82,5.029655e-03
7,83,3.143101e-03
7,84,1.370674e-02
7,85,4.763762e-03
7,86,1.160362e-02
7,87,1.413977e-02
7,88,1.328604e-01
7,89,1.755336e-02
7,90,1.797695e-02
7,91,9.311982e-03
7,92,3.439792e-02
7,93,1.036747e-02
7,94,2.231733e-02
7,95,2.437609e-02
7,96,2.074359e-01
7,97,2.500510e-02
7,98,2.348389e-02
7,99,1.119078e-02
7,100,3.808680e-02
7,101,1.057622e-02
7,102,2.094296e-02
7,103,2.097480e-02
7,104,1.628258e-01
7,105,1.777154e-02
7,106,1.495495e-02
7,107,6.294905e-03
7,108,1.856700e-02
7,109,4.363488e-03
7,110,7.154102e-03
7,111,6.013083e-03
7,112,4.498294e-02
7,113,6.082817e-03
7,114,7.321078e-03
7,115,4.517267e-03
7,116,1.944555e-02
7,117,6.669958e-03
7,118,1.603238e-02
7,119,1.927726e-02
7,120,1.787238e-01
7,121,2.329874e-02
7,122,2.354440e-02
7,123,1.203478e-02
7,124,4.387184e-02
7,125,1.305041e-02
7,126,2.772914e-02
7,127,2.989848e-02
7,128,2.511949e-01
7,129,2.989848e-02
7,130,2.772914e-02
7,131,1.305041e-02
7,132,4.387184e-02
7,133,1.203478e-02
7,134,2.354440e-02
7,135,2.329874e-02
7,136,1.787238e-01
7,137,1.927726e-02
7,138,1.603238e-02
7,139,6.669958e-03
7,140,1.944555e-02
7,141,4.517267e-03
7,142,7.321078e-03
7,143,6.082817e-03
7,144,4.498294e-02
7,145,6.013083e-03
7,146,7.154102e-03
7,147,4.363488e-03
7,148,1.856700e-02
7,149,6.294905e-03
7,150,1.495495e-02
7,151,1.777154e-02
7,152,1.628258e-01
7,153,2.097480e-02
7,154,2.094296e-02
7,155,1.057622e-02
7,156,3.808680e-02
7,157,1.119078e-02
7,158,2.348389e-02
7,159,2.500510e-02
7,160,2.074359e-01
7,161,2.437609e-02
7,162,2.231733e-02
7,163,1.036747e-02
7,164,3.439792e-02
7,165,9.311982e-03
7,166,1.797695e-02
7,167,1.755336e-02
7,168,1.328604e-01
7,169,1.413977e-02
7,170,1.160362e-02
7,171,4.763762e-03
7,172,1.370674e-02
7,173,3.143101e-03
7,174,5.029655e-03
7,175,4.127580e-03
7,176,3.016151e-02
7,177,3.986110e-03
7,178,4.691779e-03
7,179,2.833263e-03
7,180,1.194726e-02
7,181,4.018466e-03
7,182,9.482975e-03
7,183,1.120972e-02
7,184,1.023303e-01
7,185,1.315751e-02
7,186,1.313931e-02
7,187,6.650669e-03
7,188,2.406154e-02
7,189,7.120346e-03
7,190,1.508804e-02
7,191,1.626608e-02
7,192,1.370007e-01
7,193,1.639034e-02
7,194,1.531938e-02
7,195,7.284669e-03
7,196,2.480434e-02
7,197,6.908098e-03
7,198,1.375139e-02
7,199,1.387455e-02
7,200,1.087200e-01
7,201,1.199905e-02
7,202,1.022655e-02
7,203,4.365772e-03
7,204,1.307578e-02
7,205,3.123667e-03
7,206,5.210424e-03
7,207,4.458816e-03
7,208,3.398079e-02
7,209,4.683385e-03
7,210,5.747230e-03
7,211,3.616638e-03
7,212,1.588092e-02
7,213,5.557167e-03
7,214,1.362774e-02
7,215,1.671719e-02
7,216,1.581134e-01
7,217,2.102545e-02
7,218,2.167061e-02
7,219,1.129598e-02
7,220,4.198509e-02
7,221,1.273121e-02
7,222,2.756922e-02
7,223,3.028870e-02
7,224,2.592284e-01
7,225,3.142355e-02
7,226,2.967348e-02
7,227,1.421586e-02
7,228,4.863425e-02
7,229,1.357351e-02
7,230,2.701039e-02
7,231,2.718050e-02
7,232,2.119744e-01
7,233,2.323905e-02
7,234,1.964002e-02
7,235,8.301168e-03
7,236,2.458173e-02
7,237,5.798978e-03
7,238,9.542113e-03
7,239,8.047888e-03
7,240,6.040181e-02
7,241,8.193039e-03
7,242,9.889473e-03
7,243,6.118574e-03
7,244,2.640514e-02
7,245,9.078237e-03
7,246,2.186764e-02
7,247,2.634447e-02
7,248,2.446699e-01
7,249,3.194460e-02
7,250,3.232451e-02
7,251,1.654146e-02
7,252,6.035650e-02
7,253,1.796701e-02
7,254,3.819550e-02
7,255,4.119643e-02
8,0,2.457259e-01
8,1,1.726870e-01
8,2,7.211325e-02
8,3,7.348301e-02
8,4,5.031367e-02
8,5,5.459745e-02
8,6,4.043859e-02
8,7,7.627632e-02
8,8,9.262273e-02
8,9,6.129429e-02
8,10,2.592009e-02
8,11,2.746320e-02
8,12,1.929769e-02
8,13,2.046044e-02
8,14,1.336594e-02
8,15,1.826649e-02
8,16,1.547993e-02
8,17,1.751467e-02
8,18,1.229160e-02
8,19,1.805578e-02
8,20,1.635500e-02
8,21,2.237776e-02
8,22,2.033430e-02
8,23,4.637504e-02
8,24,6.772366e-02
8,25,5.402628e-02
8,26,2.782186e-02
8,27,3.659870e-02
8,28,3.297233e-02
8,29,4.725129e-02
8,30,4.567780e-02
8,31,1.081921e-01
8,32,1.529217e-01
8,33,1.072054e-01
8,34,4.484940e-02
8,35,4.597410e-02
8,36,3.179244e-02
8,37,3.497440e-02
8,38,2.635273e-02
8,39,5.072856e-02
8,40,6.304604e-02
8,41,4.280972e-02
8,42,1.861690e-02
8,43,2.032367e-02
8,44,1.473805e-02
8,45,1.614782e-02
8,46,1.091255e-02
8,47,1.544049e-02
8,48,1.355493e-02
8,49,1.589234e-02
8,50,1.155793e-02
8,51,1.759108e-02
8,52,1.650200e-02
8,53,2.336678e-02
8,54,2.195177e-02
8,55,5.169072e-02
8,56,7.781243e-02
8,57,6.386222e-02
8,58,3.375681e-02
8,59,4.546119e-02
8,60,4.180734e-02
8,61,6.096060e-02
8,62,5.975482e-02
8,63,1.429928e-01
8,64,2.034250e-01
8,65,1.429928e-01
8,66,5.975482e-02
8,67,6.096060e-02
8,68,4.180734e-02
8,69,4.546119e-02
8,70,3.375681e-02
8,71,6.386222e-02
8,72,7.781243e-02
8,73,5.169072e-02
8,74,2.195177e-02
8,75,2.336678e-02
8,76,1.650200e-02
8,77,1.759108e-02
8,78,1.155793e-02
8,79,1.589234e-02
8,80,1.355493e-02
8,81,1.544049e-02
8,82,1.091255e-02
8,83,1.614782e-02
8,84,1.473805e-02
8,85,2.032367e-02
8,86,1.861690e-02
8,87,4.280972e-02
8,88,6.304604e-02
8,89,5.072856e-02
8,90,2.635273e-02
8,91,3.497440e-02
8,92,3.179244e-02
8,93,4.597410e-02
8,94,4.484940e-02
8,95,1.072054e-01
8,96,1.529217e-01
8,97,1.081921e-01
8,98,4.567780e-02
8,99,4.725129e-02
8,100,3.297233e-02
8,101,3.659870e-02
8,102,2.782186e-02
8,103,5.402628e-02
8,104,6.772366e-02
8,105,4.637504e-02
8,106,2.033430e-02
8,107,2.237776e-02
8,108,1.635500e-02
8,109,1.805578e-02
8,110,1.229160e-02
8,111,1.751467e-02
8,112,1.547993e-02
8,113,1.826649e-02
8,114,1.336594e-02
8,115,2.046044e-02
8,116,1.929769e-02
8,117,2.746320e-02
8,118,2.592009e-02
8,119,6.129429e-02
8,120,9.262273e-02
8,121,7.627632e-02
8,122,4.043859e-02
8,123,5.459745e-02
8,124,5.031367e-02
8,125,7.348301e-02
8,126,7.211325e-02
8,127,1.726870e-01
8,128,2.457259e-01
8,129,1.726870e-01
8,130,7.211325e-02
8,131,7.348301e-02
8,132,5.031367e-02
8,133,5.459745e-02
8,134,4.043859e-02
8,135,7.627632e-02
8,136,9.262273e-02
8,137,6.129429e-02
8,138,2.592009e-02
8,139,2.746320e-02
8,140,1.929769e-02
8,141,2.046044e-02
8,142,1.336594e-02
8,143,1.826649e-02
8,144,1.547993e-02
8,145,1.751467e-02
8,146,1.229160e-02
8,147,1.805578e-02
8,148,1.635500e-02
8,149,2.237776e-02
8,150,2.033430e-02
8,151,4.637504e-02
8,152,6.772366e-02
8,153,5.402628e-02
8,154,2.782186e-02
8,155,3.659870e-02
8,156,3.297233e-02
8,157,4.725129e-02
8,158,4.567780e-02
8,159,1.081921e-01
8,160,1.529217e-01
8,161,1.072054e-01
8,162,4.484940e-02
8,163,4.597410e-02
8,164,3.179244e-02
8,165,3.497440e-02
8,166,2.635273e-02
8,167,5.072856e-02
8,168,6.304604e-02
8,169,4.280972e-02
8,170,1.861690e-02
8,171,2.032367e-02
8,172,1.473805e-02
8,173,1.614782e-02
8,174,1.091255e-02
8,175,1.544049e-02
8,176,1.355493e-02
8,177,1.589234e-02
8,178,1.155793e-02
8,179,1.759108e-02
8,180,1.650200e-02
8,181,2.336678e-02
8,182,2.195177e-02
8,183,5.169072e-02
8,184,7.781243e-02
8,185,6.386222e-02
8,186,3.375681e-02
8,187,4.546119e-02
8,188,4.180734e-02
8,189,6.096060e-02
8,190,5.975482e-02
8,191,1.429928e-01
8,192,2.034250e-01
8,193,1.429928e-01
8,194,5.975482e-02
8,195,6.096060e-02
8,196,4.180734e-02
8,197,4.546119e-02
8,198,3.375681e-02
8,199,6.386222e-02
8,200,7.781243e-02
8,201,5.169072e-02
8,202,2.195177e-02
8,203,2.336678e-02
8,204,1.650200e-02
8,205,1.759108e-02
8,206,1.155793e-02
8,207,1.589234e-02
8,208,1.355493e-02
8,209,1.544049e-02
8,210,1.091255e-02
8,211,1.614782e-02
8,212,1.473805e-02
8,213,2.032367e-02
8,214,1.861690e-02
8,215,4.280972e-02
8,216,6.304604e-02
8,217,5.072856e-02
8,218,2.635273e-02
8,219,3.497440e-02
8,220,3.179244e-02
8,221,4.597410e-02
8,222,4.484940e-02
8,223,1.072054e-01
8,224,1.529217e-01
8,225,1.081921e-01
8,226,4.567780e-02
8,227,4.725129e-02
8,228,3.297233e-02
8,229,3.659870e-02
8,230,2.782186e-02
8,231,5.402628e-02
8,232,6.772366e-02
8,233,4.637504e-02
8,234,2.033430e-02
8,235,2.237776e-02
8,236,1.635500e-02
8,237,1.805578e-02
8,238,1.229160e-02
8,239,1.751467e-02
8,240,1.547993e-02
8,241,1.826649e-02
8,242,1.336594e-02
8,243,2.046044e-02
8,244,1.929769e-02
8,245,2.746320e-02
8,246,2.592009e-02
8,247,6.129429e-02
8,248,9.262273e-02
8,249,7.627632e-02
8,250,4.043859e-02
8,251,5.459745e-02
8,252,5.031367e-02
8,253,7.348301e-02
8,254,7.211325e-02
8,255,1.726870e-01
9,0,2.969421e-01
9,1,2.102906e-01
9,2,9.201924e-02
9,3,7.850649e-02
9,4,3.773171e-02
9,5,5.073969e-02
9,6,3.759279e-02
9,7,5.362068e-02
9,8,5.551589e-02
9,9,4.262636e-02
9,10,2.357538e-02
9,11,2.468083e-02
9,12,1.381353e-02
9,13,2.053307e-02
9,14,1.562818e-02
9,15,1.912127e-02
9,16,1.344759e-02
9,17,1.787311e-02
9,18,1.365637e-02
9,19,1.677847e-02
9,20,1.056057e-02
9,21,1.766641e-02
9,22,1.581685e-02
9,23,2.684537e-02
9,24,3.288830e-02
9,25,2.996424e-02
9,26,1.988919e-02
9,27,2.553553e-02
9,28,1.816909e-02
9,29,3.642785e-02
9,30,4.148434e-02
9,31,9.296190e-02
9,32,1.299948e-01
9,33,9.209528e-02
9,34,4.071534e-02
9,35,3.542151e-02
9,36,1.750466e-02
9,37,2.437747e-02
9,38,1.881608e-02
9,39,2.809559e-02
9,40,3.056766e-02
9,41,2.473707e-02
9,42,1.445232e-02
9,43,1.601010e-02
9,44,9.494220e-03
9,45,1.496777e-02
9,46,1.209171e-02
9,47,1.571170e-02
9,48,1.174002e-02
9,49,1.658368e-02
9,50,1.346971e-02
9,51,1.759311e-02
9,52,1.177043e-02
9,53,2.092244e-02
9,54,1.989065e-02
9,55,3.580837e-02
9,56,4.645399e-02
9,57,4.471218e-02
9,58,3.125205e-02
9,59,4.207252e-02
9,60,3.122006e-02
9,61,6.485027e-02
9,62,7.592211e-02
9,63,1.733800e-01
9,64,2.447638e-01
9,65,1.733800e-01
9,66,7.592211e-02
9,67,6.485027e-02
9,68,3.122006e-02
9,69,4.207252e-02
9,70,3.125205e-02
9,71,4.471218e-02
9,72,4.645399e-02
9,73,3.580837e-02
9,74,1.989065e-02
9,75,2.092244e-02
9,76,1.177043e-02
9,77,1.759311e-02
9,78,1.346971e-02
9,79,1.658368e-02
9,80,1.174002e-02
9,81,1.571170e-02
9,82,1.209171e-02
9,83,1.496777e-02
9,84,9.494220e-03
9,85,1.601010e-02
9,86,1.445232e-02
9,87,2.473707e-02
9,88,3.056766e-02
9,89,2.809559e-02
9,90,1.881608e-02
9,91,2.437747e-02
9,92,1.750466e-02
9,93,3.542151e-02
9,94,4.071534e-02
9,95,9.209528e-02
9,96,1.299948e-01
9,97,9.296190e-02
9,98,4.148434e-02
9,99,3.642785e-02
9,100,1.816909e-02
9,101,2.553553e-02
9,102,1.988919e-02
9,103,2.996424e-02
9,104,3.288830e-02
9,105,2.684537e-02
9,106,1.581685e-02
9,107,1.766641e-02
9,108,1.056057e-02
9,109,1.677847e-02
9,110,1.365637e-02
9,111,1.787311e-02
9,112,1.344759e-02
9,113,1.912127e-02
9,114,1.562818e-02
9,115,2.053307e-02
9,116,1.381353e-02
9,117,2.468083e-02
9,118,2.357538e-02
9,119,4.262636e-02
9,120,5.551589e-02
9,121,5.362068e-02
9,122,3.759279e-02
9,123,5.073969e-02
9,124,3.773171e-02
9,125,7.850649e-02
9,126,9.201924e-02
9,127,2.102906e-01
9,128,2.969421e-01
9,129,2.102906e-01
9,130,9.201924e-02
9,131,7.850649e-02
9,132,3.773171e-02
9,133,5.073969e-02
9,134,3.759279e-02
9,135,5.362068e-02
9,136,5.551589e-02
9,137,4.262636e-02
9,138,2.357538e-02
9,139,2.468083e-02
9,140,1.381353e-02
9,141,2.053307e-02
9,142,1.562818e-02
9,143,1.912127e-02
9,144,1.344759e-02
9,145,1.787311e-02
9,146,1.365637e-02
9,147,1.677847e-02
9,148,1.056057e-02
9,149,1.766641e-02
9,150,1.581685e-02
9,151,2.684537e-02
9,152,3.288830e-02
9,153,2.996424e-02
9,154,1.988919e-02
9,155,2.553553e-02
9,156,1.816909e-02
9,157,3.642785e-02
9,158,4.148434e-02
9,159,9.296190e-02
9,160,1.299948e-01
9,161,9.209528e-02
9,162,4.071534e-02
9,163,3.542151e-02
9,164,1.750466e-02
9,165,2.437747e-02
9,166,1.881608e-02
9,167,2.809559e-02
9,168,3.056766e-02
9,169,2.473707e-02
9,170,1.445232e-02
9,171,1.601010e-02
9,172,9.494220e-03
9,173,1.496777e-02
9,174,1.209171e-02
9,175,1.571170e-02
9,176,1.174002e-02
9,177,1.658368e-02
9,178,1.346971e-02
9,179,1.759311e-02
9,180,1.177043e-02
9,181,2.092244e-02
9,182,1.989065e-02
9,183,3.580837e-02
9,184,4.645399e-02
9,185,4.471218e-02
9,186,3.125205e-02
9,187,4.207252e-02
9,188,3.122006e-02
9,189,6.485027e-02
9,190,7.592211e-02
9,191,1.733800e-01
9,192,2.447638e-01
9,193,1.733800e-01
9,194,7.592211e-02
9,195,6.485027e-02
9,196,3.122006e-02
9,197,4.207252e-02
9,198,3.125205e-02
9,199,4.471218e-02
9,200,4.645399e-02
9,201,3.580837e-02
9,202,1.989065e-02
9,203,2.092244e-02
9,204,1.177043e-02
9,205,1.759311e-02
9,206,1.346971e-02
9,207,1.658368e-02
9,208,1.174002e-02
9,209,1.571170e-02
9,210,1.209171e-02
9,211,1.496777e-02
9,212,9.494220e-03
9,213,1.601010e-02
9,214,1.445232e-02
9,215,2.473707e-02
9,216,3.056766e-02
9,217,2.809559e-02
9,218,1.881608e-02
9,219,2.437747e-02
9,220,1.750466e-02
9,221,3.542151e-02
9,222,4.071534e-02
9,223,9.209528e-02
9,224,1.299948e-01
9,225,9.296190e-02
9,226,4.148434e-02
9,227,3.642785e-02
9,228,1.816909e-02
9,229,2.553553e-02
9,230,1.988919e-02
9,231,2.996424e-02
9,232,3.288830e-02
9,233,2.684537e-02
9,234,1.581685e-02
9,235,1.766641e-02
9,236,1.056057e-02
9,237,1.677847e-02
9,238,1.365637e-02
9,239,1.787311e-02
9,240,1.344759e-02
9,241,1.912127e-02
9,242,1.562818e-02
9,243,2.053307e-02
9,244,1.381353e-02
9,245,2.468083e-02
9,246,2.357538e-02
9,247,4.262636e-02
9,248,5.551589e-02
9,249,5.362068e-02
9,250,3.759279e-02
9,251,5.073969e-02
9,252,3.773171e-02
9,253,7.850649e-02
9,254,9.201924e-02
9,255,2.102906e-01
