segmento,gps_start,gps_end,n_qubits,dim_hilbert,strain_mean,strain_std,strain_max,strain_min,frec_dominante,periodo_ciclo,interpretacion,entropia_shannon,concentracion_espectral,pureza,area_informacion,entropia_informacion,qiskit_usado,tiempo_seg
0,1421381632,1421381888,8,256,-2.376745e-18,1.647880e-18,1.254663e-18,-4.003303e-18,0,256,estado estable,7.497975,0.675350,0.006013,2.674975e-67,3.534461e-21,si,0.252
1,1421381632,1421381888,8,256,2.854825e-18,7.510639e-19,3.731502e-18,1.245637e-18,0,256,estado estable,7.828033,0.935266,0.004731,2.674975e-67,3.534461e-21,si,0.147
2,1421381632,1421381888,8,256,-2.084515e-18,1.475573e-18,1.220783e-18,-3.523756e-18,0,256,estado estable,7.506308,0.666185,0.005982,2.674975e-67,3.534461e-21,si,0.147
3,1421381632,1421381888,8,256,2.349799e-19,1.989649e-18,3.159653e-18,-3.056908e-18,1,256,eco del pasado,7.479375,0.329279,0.006344,2.674975e-67,3.534461e-21,si,0.150
4,1421381632,1421381888,8,256,1.750032e-18,1.464549e-18,3.313011e-18,-1.249913e-18,0,256,estado estable,7.415814,0.588114,0.006516,2.674975e-67,3.534461e-21,si,0.149
5,1421381632,1421381888,8,256,-2.508054e-18,5.287808e-19,-1.276548e-18,-3.125388e-18,0,256,estado estable,7.884806,0.957441,0.004471,2.674975e-67,3.534461e-21,si,0.154
6,1421381632,1421381888,8,256,1.272526e-18,1.379977e-18,2.860279e-18,-1.478391e-18,0,256,estado estable,7.397165,0.459557,0.006759,2.674975e-67,3.534461e-21,si,0.138
7,1421381632,1421381888,8,256,1.134662e-18,1.300802e-18,2.847606e-18,-1.314728e-18,0,256,estado estable,7.316507,0.432099,0.007309,2.674975e-67,3.534461e-21,si,0.146
8,1421381632,1421381888,8,256,-2.401942e-18,4.121026e-19,-1.325925e-18,-2.862075e-18,0,256,estado estable,7.922470,0.971405,0.004286,2.674975e-67,3.534461e-21,si,0.143
9,1421381632,1421381888,8,256,8.900868e-19,1.578997e-18,3.236940e-18,-1.823988e-18,1,256,eco del pasado,7.297681,0.247570,0.007650,2.674975e-67,3.534461e-21,si,0.139

segmento,frecuencia,magnitud_qft
0,0,8.217969e-01
0,1,3.408753e-01
0,2,1.382212e-01
0,3,8.868266e-02
0,4,6.563371e-02
0,5,5.219295e-02
0,6,4.336063e-02
0,7,3.710710e-02
0,8,3.242942e-02
0,9,2.881804e-02
0,10,2.592976e-02
0,11,2.357362e-02
0,12,2.161603e-02
0,13,1.995941e-02
0,14,1.854296e-02
0,15,1.731315e-02
0,16,1.624124e-02
0,17,1.529835e-02
0,18,1.446191e-02
0,19,1.371481e-02
0,20,1.302012e-02
0,21,1.243339e-02
0,22,1.187508e-02
0,23,1.137094e-02
0,24,1.091311e-02
0,25,1.048741e-02
0,26,1.010023e-02
0,27,9.735603e-03
0,28,9.404498e-03
0,29,9.094001e-03
0,30,8.805770e-03
0,31,8.549440e-03
0,32,8.254890e-03
0,33,8.018179e-03
0,34,7.806159e-03
0,35,7.592288e-03
0,36,7.400461e-03
0,37,7.213894e-03
0,38,7.033987e-03
0,39,6.868411e-03
0,40,6.708871e-03
0,41,6.558531e-03
0,42,6.422167e-03
0,43,6.285545e-03
0,44,6.149457e-03
0,45,6.023301e-03
0,46,5.906578e-03
0,47,5.799613e-03
0,48,5.688681e-03
0,49,5.590952e-03
0,50,5.493349e-03
0,51,5.401263e-03
0,52,5.314454e-03
0,53,5.219182e-03
0,54,5.140570e-03
0,55,5.056863e-03
0,56,4.976805e-03
0,57,4.896498e-03
0,58,4.825807e-03
0,59,4.745270e-03
0,60,4.676101e-03
0,61,4.521887e-03
0,62,5.544772e-03
0,63,4.676589e-03
0,64,4.490371e-03
0,65,4.446068e-03
0,66,4.385346e-03
0,67,4.337820e-03
0,68,4.283357e-03
0,69,4.239581e-03
0,70,4.187001e-03
0,71,4.151903e-03
0,72,4.109849e-03
0,73,4.056266e-03
0,74,4.022377e-03
0,75,3.984060e-03
0,76,3.951457e-03
0,77,3.915108e-03
0,78,3.881672e-03
0,79,3.850634e-03
0,80,3.815341e-03
0,81,3.789240e-03
0,82,3.759987e-03
0,83,3.730857e-03
0,84,3.704337e-03
0,85,3.672331e-03
0,86,3.657567e-03
0,87,3.631132e-03
0,88,3.609090e-03
0,89,3.589115e-03
0,90,3.585342e-03
0,91,3.622454e-03
0,92,3.441777e-03
0,93,3.450110e-03
0,94,3.391987e-03
0,95,3.414700e-03
0,96,3.400318e-03
0,97,3.392815e-03
0,98,3.378714e-03
0,99,3.365157e-03
0,100,3.357074e-03
0,101,3.334661e-03
0,102,3.323681e-03
0,103,3.308318e-03
0,104,3.309758e-03
0,105,3.294067e-03
0,106,3.288862e-03
0,107,3.270702e-03
0,108,3.256898e-03
0,109,3.252094e-03
0,110,3.241913e-03
0,111,3.234201e-03
0,112,3.224259e-03
0,113,3.216005e-03
0,114,3.210672e-03
0,115,3.202987e-03
0,116,3.197522e-03
0,117,3.191610e-03
0,118,3.187092e-03
0,119,3.182265e-03
0,120,3.178352e-03
0,121,3.175086e-03
0,122,3.171620e-03
0,123,3.169107e-03
0,124,3.166677e-03
0,125,3.165149e-03
0,126,3.164017e-03
0,127,3.163287e-03
0,128,3.163075e-03
0,129,3.163287e-03
0,130,3.164017e-03
0,131,3.165149e-03
0,132,3.166677e-03
0,133,3.169107e-03
0,134,3.171620e-03
0,135,3.175086e-03
0,136,3.178352e-03
0,137,3.182265e-03
0,138,3.187092e-03
0,139,3.191610e-03
0,140,3.197522e-03
0,141,3.202987e-03
0,142,3.210672e-03
0,143,3.216005e-03
0,144,3.224259e-03
0,145,3.234201e-03
0,146,3.241913e-03
0,147,3.252094e-03
0,148,3.256898e-03
0,149,3.270702e-03
0,150,3.288862e-03
0,151,3.294067e-03
0,152,3.309758e-03
0,153,3.308318e-03
0,154,3.323681e-03
0,155,3.334661e-03
0,156,3.357074e-03
0,157,3.365157e-03
0,158,3.378714e-03
0,159,3.392815e-03
0,160,3.400318e-03
0,161,3.414700e-03
0,162,3.391987e-03
0,163,3.450110e-03
0,164,3.441777e-03
0,165,3.622454e-03
0,166,3.585342e-03
0,167,3.589115e-03
0,168,3.609090e-03
0,169,3.631132e-03
0,170,3.657567e-03
0,171,3.672331e-03
0,172,3.704337e-03
0,173,3.730857e-03
0,174,3.759987e-03
0,175,3.789240e-03
0,176,3.815341e-03
0,177,3.850634e-03
0,178,3.881672e-03
0,179,3.915108e-03
0,180,3.951457e-03
0,181,3.984060e-03
0,182,4.022377e-03
0,183,4.056266e-03
0,184,4.109849e-03
0,185,4.151903e-03
0,186,4.187001e-03
0,187,4.239581e-03
0,188,4.283357e-03
0,189,4.337820e-03
0,190,4.385346e-03
0,191,4.446068e-03
0,192,4.490371e-03
0,193,4.676589e-03
0,194,5.544772e-03
0,195,4.521887e-03
0,196,4.676101e-03
0,197,4.745270e-03
0,198,4.825807e-03
0,199,4.896498e-03
0,200,4.976805e-03
0,201,5.056863e-03
0,202,5.140570e-03
0,203,5.219182e-03
0,204,5.314454e-03
0,205,5.401263e-03
0,206,5.493349e-03
0,207,5.590952e-03
0,208,5.688681e-03
0,209,5.799613e-03
0,210,5.906578e-03
0,211,6.023301e-03
0,212,6.149457e-03
0,213,6.285545e-03
0,214,6.422167e-03
0,215,6.558531e-03
0,216,6.708871e-03
0,217,6.868411e-03
0,218,7.033987e-03
0,219,7.213894e-03
0,220,7.400461e-03
0,221,7.592288e-03
0,222,7.806159e-03
0,223,8.018179e-03
0,224,8.254890e-03
0,225,8.549440e-03
0,226,8.805770e-03
0,227,9.094001e-03
0,228,9.404498e-03
0,229,9.735603e-03
0,230,1.010023e-02
0,231,1.048741e-02
0,232,1.091311e-02
0,233,1.137094e-02
0,234,1.187508e-02
0,235,1.243339e-02
0,236,1.302012e-02
0,237,1.371481e-02
0,238,1.446191e-02
0,239,1.529835e-02
0,240,1.624124e-02
0,241,1.731315e-02
0,242,1.854296e-02
0,243,1.995941e-02
0,244,2.161603e-02
0,245,2.357362e-02
0,246,2.592976e-02
0,247,2.881804e-02
0,248,3.242942e-02
0,249,3.710710e-02
0,250,4.336063e-02
0,251,5.219295e-02
0,252,6.563371e-02
0,253,8.868266e-02
0,254,1.382212e-01
0,255,3.408753e-01
1,0,9.670917e-01
1,1,1.744505e-01
1,2,3.852397e-02
1,3,1.674851e-02
1,4,9.361371e-03
1,5,5.971917e-03
1,6,4.140645e-03
1,7,3.052679e-03
1,8,2.340951e-03
1,9,1.847388e-03
1,10,1.496960e-03
1,11,1.242712e-03
1,12,1.047465e-03
1,13,8.956242e-04
1,14,7.730750e-04
1,15,6.752339e-04
1,16,5.962378e-04
1,17,5.266001e-04
1,18,4.763600e-04
1,19,4.319747e-04
1,20,3.833893e-04
1,21,3.515251e-04
1,22,3.262969e-04
1,23,2.960477e-04
1,24,2.734438e-04
1,25,2.528299e-04
1,26,2.358789e-04
1,27,2.134435e-04
1,28,2.031129e-04
1,29,1.798993e-04
1,30,1.618702e-04
1,31,1.279382e-04
1,32,3.093616e-04
1,33,1.935221e-04
1,34,1.694727e-04
1,35,1.573511e-04
1,36,1.456377e-04
1,37,1.373674e-04
1,38,1.294162e-04
1,39,1.213660e-04
1,40,1.231925e-04
1,41,1.162233e-04
1,42,1.086895e-04
1,43,1.128784e-04
1,44,1.002457e-04
1,45,1.011467e-04
1,46,9.426266e-05
1,47,1.001956e-04
1,48,9.381178e-05
1,49,9.437871e-05
1,50,9.535925e-05
1,51,9.242298e-05
1,52,8.833096e-05
1,53,8.964800e-05
1,54,9.748118e-05
1,55,9.157645e-05
1,56,9.550809e-05
1,57,9.534255e-05
1,58,1.064820e-04
1,59,1.218054e-04
1,60,1.621050e-04
1,61,2.844845e-04
1,62,1.029945e-03
1,63,3.833608e-04
1,64,9.112442e-05
1,65,5.441466e-05
1,66,4.264909e-05
1,67,3.466622e-05
1,68,3.216078e-05
1,69,3.324456e-05
1,70,2.969582e-05
1,71,3.832182e-05
1,72,3.329527e-05
1,73,3.641195e-05
1,74,3.345014e-05
1,75,3.102508e-05
1,76,3.413109e-05
1,77,3.586106e-05
1,78,4.036439e-05
1,79,3.599943e-05
1,80,4.042162e-05
1,81,3.127987e-05
1,82,4.165196e-05
1,83,3.470190e-05
1,84,4.073415e-05
1,85,4.227303e-05
1,86,4.282153e-05
1,87,4.710951e-05
1,88,4.293613e-05
1,89,6.397727e-05
1,90,7.030489e-05
1,91,1.292442e-04
1,92,1.703291e-04
1,93,2.321841e-04
1,94,1.833453e-04
1,95,3.555816e-05
1,96,1.574769e-05
1,97,6.554640e-06
1,98,1.053358e-05
1,99,1.452402e-05
1,100,6.578580e-06
1,101,2.926920e-05
1,102,1.649102e-05
1,103,1.835228e-05
1,104,1.954539e-05
1,105,2.001179e-05
1,106,1.043853e-05
1,107,1.632224e-05
1,108,1.863509e-05
1,109,1.524849e-05
1,110,2.090505e-05
1,111,1.950452e-05
1,112,1.922102e-05
1,113,1.905330e-05
1,114,1.861684e-05
1,115,1.976254e-05
1,116,1.923432e-05
1,117,1.964442e-05
1,118,1.968315e-05
1,119,1.973494e-05
1,120,2.005219e-05
1,121,1.880448e-05
1,122,1.914813e-05
1,123,1.985693e-05
1,124,1.984096e-05
1,125,1.977834e-05
1,126,1.982235e-05
1,127,1.978043e-05
1,128,1.975226e-05
1,129,1.978043e-05
1,130,1.982235e-05
1,131,1.977834e-05
1,132,1.984096e-05
1,133,1.985693e-05
1,134,1.914813e-05
1,135,1.880448e-05
1,136,2.005219e-05
1,137,1.973494e-05
1,138,1.968315e-05
1,139,1.964442e-05
1,140,1.923432e-05
1,141,1.976254e-05
1,142,1.861684e-05
1,143,1.905330e-05
1,144,1.922102e-05
1,145,1.950452e-05
1,146,2.090505e-05
1,147,1.524849e-05
1,148,1.863509e-05
1,149,1.632224e-05
1,150,1.043853e-05
1,151,2.001179e-05
1,152,1.954539e-05
1,153,1.835228e-05
1,154,1.649102e-05
1,155,2.926920e-05
1,156,6.578580e-06
1,157,1.452402e-05
1,158,1.053358e-05
1,159,6.554640e-06
1,160,1.574769e-05
1,161,3.555816e-05
1,162,1.833453e-04
1,163,2.321841e-04
1,164,1.703291e-04
1,165,1.292442e-04
1,166,7.030489e-05
1,167,6.397727e-05
1,168,4.293613e-05
1,169,4.710951e-05
1,170,4.282153e-05
1,171,4.227303e-05
1,172,4.073415e-05
1,173,3.470190e-05
1,174,4.165196e-05
1,175,3.127987e-05
1,176,4.042162e-05
1,177,3.599943e-05
1,178,4.036439e-05
1,179,3.586106e-05
1,180,3.413109e-05
1,181,3.102508e-05
1,182,3.345014e-05
1,183,3.641195e-05
1,184,3.329527e-05
1,185,3.832182e-05
1,186,2.969582e-05
1,187,3.324456e-05
1,188,3.216078e-05
1,189,3.466622e-05
1,190,4.264909e-05
1,191,5.441466e-05
1,192,9.112442e-05
1,193,3.833608e-04
1,194,1.029945e-03
1,195,2.844845e-04
1,196,1.621050e-04
1,197,1.218054e-04
1,198,1.064820e-04
1,199,9.534255e-05
1,200,9.550809e-05
1,201,9.157645e-05
1,202,9.748118e-05
1,203,8.964800e-05
1,204,8.833096e-05
1,205,9.242298e-05
1,206,9.535925e-05
1,207,9.437871e-05
1,208,9.381178e-05
1,209,1.001956e-04
1,210,9.426266e-05
1,211,1.011467e-04
1,212,1.002457e-04
1,213,1.128784e-04
1,214,1.086895e-04
1,215,1.162233e-04
1,216,1.231925e-04
1,217,1.213660e-04
1,218,1.294162e-04
1,219,1.373674e-04
1,220,1.456377e-04
1,221,1.573511e-04
1,222,1.694727e-04
1,223,1.935221e-04
1,224,3.093616e-04
1,225,1.279382e-04
1,226,1.618702e-04
1,227,1.798993e-04
1,228,2.031129e-04
1,229,2.134435e-04
1,230,2.358789e-04
1,231,2.528299e-04
1,232,2.734438e-04
1,233,2.960477e-04
1,234,3.262969e-04
1,235,3.515251e-04
1,236,3.833893e-04
1,237,4.319747e-04
1,238,4.763600e-04
1,239,5.266001e-04
1,240,5.962378e-04
1,241,6.752339e-04
1,242,7.730750e-04
1,243,8.956242e-04
1,244,1.047465e-03
1,245,1.242712e-03
1,246,1.496960e-03
1,247,1.847388e-03
1,248,2.340951e-03
1,249,3.052679e-03
1,250,4.140645e-03
1,251,5.971917e-03
1,252,9.361371e-03
1,253,1.674851e-02
1,254,3.852397e-02
1,255,1.744505e-01
2,0,8.162014e-01
2,1,3.430016e-01
2,2,1.422923e-01
2,3,9.170556e-02
2,4,6.797184e-02
2,5,5.409503e-02
2,6,4.495391e-02
2,7,3.848143e-02
2,8,3.364317e-02
2,9,2.988996e-02
2,10,2.689777e-02
2,11,2.445715e-02
2,12,2.242462e-02
2,13,2.070495e-02
2,14,1.924033e-02
2,15,1.796244e-02
2,16,1.685436e-02
2,17,1.587622e-02
2,18,1.500186e-02
2,19,1.422204e-02
2,20,1.353514e-02
2,21,1.289445e-02
2,22,1.232251e-02
2,23,1.180047e-02
2,24,1.132484e-02
2,25,1.087913e-02
2,26,1.048058e-02
2,27,1.010282e-02
2,28,9.756421e-03
2,29,9.439866e-03
2,30,9.145635e-03
2,31,8.892305e-03
2,32,8.345999e-03
2,33,8.299032e-03
2,34,8.086766e-03
2,35,7.876990e-03
2,36,7.663451e-03
2,37,7.475801e-03
2,38,7.289890e-03
2,39,7.117550e-03
2,40,6.952836e-03
2,41,6.798710e-03
2,42,6.652069e-03
2,43,6.507655e-03
2,44,6.375156e-03
2,45,6.248127e-03
2,46,6.121179e-03
2,47,6.004228e-03
2,48,5.893698e-03
2,49,5.782578e-03
2,50,5.686222e-03
2,51,5.584330e-03
2,52,5.482914e-03
2,53,5.398740e-03
2,54,5.304014e-03
2,55,5.212806e-03
2,56,5.133857e-03
2,57,5.043620e-03
2,58,4.957871e-03
2,59,4.865893e-03
2,60,4.744251e-03
2,61,4.510411e-03
2,62,5.823719e-03
2,63,5.355716e-03
2,64,4.773624e-03
2,65,4.684125e-03
2,66,4.599434e-03
2,67,4.541119e-03
2,68,4.481161e-03
2,69,4.428888e-03
2,70,4.374703e-03
2,71,4.326717e-03
2,72,4.274439e-03
2,73,4.233227e-03
2,74,4.197413e-03
2,75,4.152013e-03
2,76,4.110648e-03
2,77,4.066090e-03
2,78,4.028699e-03
2,79,3.996342e-03
2,80,3.965156e-03
2,81,3.947767e-03
2,82,3.895114e-03
2,83,3.864303e-03
2,84,3.843440e-03
2,85,3.807458e-03
2,86,3.782732e-03
2,87,3.751583e-03
2,88,3.724591e-03
2,89,3.684392e-03
2,90,3.670919e-03
2,91,3.622981e-03
2,92,3.539660e-03
2,93,3.394210e-03
2,94,3.857354e-03
2,95,3.657469e-03
2,96,3.608338e-03
2,97,3.569495e-03
2,98,3.560696e-03
2,99,3.544180e-03
2,100,3.513428e-03
2,101,3.500127e-03
2,102,3.484190e-03
2,103,3.467351e-03
2,104,3.453717e-03
2,105,3.436293e-03
2,106,3.429984e-03
2,107,3.417325e-03
2,108,3.405931e-03
2,109,3.392790e-03
2,110,3.381180e-03
2,111,3.371530e-03
2,112,3.363296e-03
2,113,3.357698e-03
2,114,3.349898e-03
2,115,3.342523e-03
2,116,3.336102e-03
2,117,3.329772e-03
2,118,3.323680e-03
2,119,3.319614e-03
2,120,3.315080e-03
2,121,3.310680e-03
2,122,3.307880e-03
2,123,3.305680e-03
2,124,3.303095e-03
2,125,3.301337e-03
2,126,3.300018e-03
2,127,3.299311e-03
2,128,3.299066e-03
2,129,3.299311e-03
2,130,3.300018e-03
2,131,3.301337e-03
2,132,3.303095e-03
2,133,3.305680e-03
2,134,3.307880e-03
2,135,3.310680e-03
2,136,3.315080e-03
2,137,3.319614e-03
2,138,3.323680e-03
2,139,3.329772e-03
2,140,3.336102e-03
2,141,3.342523e-03
2,142,3.349898e-03
2,143,3.357698e-03
2,144,3.363296e-03
2,145,3.371530e-03
2,146,3.381180e-03
2,147,3.392790e-03
2,148,3.405931e-03
2,149,3.417325e-03
2,150,3.429984e-03
2,151,3.436293e-03
2,152,3.453717e-03
2,153,3.467351e-03
2,154,3.484190e-03
2,155,3.500127e-03
2,156,3.513428e-03
2,157,3.544180e-03
2,158,3.560696e-03
2,159,3.569495e-03
2,160,3.608338e-03
2,161,3.657469e-03
2,162,3.857354e-03
2,163,3.394210e-03
2,164,3.539660e-03
2,165,3.622981e-03
2,166,3.670919e-03
2,167,3.684392e-03
2,168,3.724591e-03
2,169,3.751583e-03
2,170,3.782732e-03
2,171,3.807458e-03
2,172,3.843440e-03
2,173,3.864303e-03
2,174,3.895114e-03
2,175,3.947767e-03
2,176,3.965156e-03
2,177,3.996342e-03
2,178,4.028699e-03
2,179,4.066090e-03
2,180,4.110648e-03
2,181,4.152013e-03
2,182,4.197413e-03
2,183,4.233227e-03
2,184,4.274439e-03
2,185,4.326717e-03
2,186,4.374703e-03
2,187,4.428888e-03
2,188,4.481161e-03
2,189,4.541119e-03
2,190,4.599434e-03
2,191,4.684125e-03
2,192,4.773624e-03
2,193,5.355716e-03
2,194,5.823719e-03
2,195,4.510411e-03
2,196,4.744251e-03
2,197,4.865893e-03
2,198,4.957871e-03
2,199,5.043620e-03
2,200,5.133857e-03
2,201,5.212806e-03
2,202,5.304014e-03
2,203,5.398740e-03
2,204,5.482914e-03
2,205,5.584330e-03
2,206,5.686222e-03
2,207,5.782578e-03
2,208,5.893698e-03
2,209,6.004228e-03
2,210,6.121179e-03
2,211,6.248127e-03
2,212,6.375156e-03
2,213,6.507655e-03
2,214,6.652069e-03
2,215,6.798710e-03
2,216,6.952836e-03
2,217,7.117550e-03
2,218,7.289890e-03
2,219,7.475801e-03
2,220,7.663451e-03
2,221,7.876990e-03
2,222,8.086766e-03
2,223,8.299032e-03
2,224,8.345999e-03
2,225,8.892305e-03
2,226,9.145635e-03
2,227,9.439866e-03
2,228,9.756421e-03
2,229,1.010282e-02
2,230,1.048058e-02
2,231,1.087913e-02
2,232,1.132484e-02
2,233,1.180047e-02
2,234,1.232251e-02
2,235,1.289445e-02
2,236,1.353514e-02
2,237,1.422204e-02
2,238,1.500186e-02
2,239,1.587622e-02
2,240,1.685436e-02
2,241,1.796244e-02
2,242,1.924033e-02
2,243,2.070495e-02
2,244,2.242462e-02
2,245,2.445715e-02
2,246,2.689777e-02
2,247,2.988996e-02
2,248,3.364317e-02
2,249,3.848143e-02
2,250,4.495391e-02
2,251,5.409503e-02
2,252,6.797184e-02
2,253,9.170556e-02
2,254,1.422923e-01
2,255,3.430016e-01
3,0,1.172860e-01
3,1,5.738284e-01
3,2,2.564184e-01
3,3,1.676145e-01
3,4,1.248563e-01
3,5,9.959870e-02
3,6,8.288482e-02
3,7,7.099790e-02
3,8,6.210826e-02
3,9,5.519291e-02
3,10,4.969016e-02
3,11,4.517659e-02
3,12,4.142933e-02
3,13,3.826626e-02
3,14,3.555768e-02
3,15,3.320599e-02
3,16,3.115540e-02
3,17,2.934103e-02
3,18,2.772206e-02
3,19,2.630604e-02
3,20,2.500867e-02
3,21,2.382884e-02
3,22,2.276782e-02
3,23,2.180376e-02
3,24,2.091904e-02
3,25,2.011329e-02
3,26,1.935992e-02
3,27,1.865637e-02
3,28,1.801689e-02
3,29,1.740397e-02
3,30,1.683828e-02
3,31,1.625944e-02
3,32,1.631460e-02
3,33,1.548808e-02
3,34,1.502503e-02
3,35,1.461902e-02
3,36,1.422378e-02
3,37,1.386884e-02
3,38,1.353177e-02
3,39,1.320570e-02
3,40,1.289675e-02
3,41,1.261563e-02
3,42,1.233651e-02
3,43,1.207320e-02
3,44,1.182306e-02
3,45,1.158464e-02
3,46,1.135736e-02
3,47,1.114573e-02
3,48,1.094322e-02
3,49,1.074907e-02
3,50,1.055373e-02
3,51,1.037233e-02
3,52,1.019425e-02
3,53,1.004076e-02
3,54,9.878220e-03
3,55,9.730285e-03
3,56,9.572103e-03
3,57,9.442215e-03
3,58,9.324227e-03
3,59,9.186692e-03
3,60,9.077539e-03
3,61,8.998085e-03
3,62,8.055006e-03
3,63,8.222615e-03
3,64,8.616343e-03
3,65,8.505187e-03
3,66,8.393087e-03
3,67,8.290385e-03
3,68,8.210184e-03
3,69,8.106956e-03
3,70,8.021631e-03
3,71,7.933811e-03
3,72,7.865581e-03
3,73,7.776451e-03
3,74,7.712462e-03
3,75,7.635778e-03
3,76,7.571760e-03
3,77,7.496649e-03
3,78,7.438844e-03
3,79,7.367227e-03
3,80,7.302505e-03
3,81,7.243750e-03
3,82,7.190695e-03
3,83,7.133754e-03
3,84,7.069106e-03
3,85,7.023070e-03
3,86,6.972422e-03
3,87,6.927866e-03
3,88,6.877038e-03
3,89,6.840467e-03
3,90,6.786635e-03
3,91,6.755156e-03
3,92,6.812685e-03
3,93,6.140695e-03
3,94,7.019006e-03
3,95,6.680967e-03
3,96,6.626923e-03
3,97,6.576466e-03
3,98,6.533313e-03
3,99,6.503989e-03
3,100,6.474921e-03
3,101,6.442291e-03
3,102,6.412995e-03
3,103,6.397718e-03
3,104,6.355433e-03
3,105,6.324361e-03
3,106,6.314432e-03
3,107,6.300903e-03
3,108,6.267584e-03
3,109,6.253824e-03
3,110,6.236284e-03
3,111,6.216234e-03
3,112,6.204665e-03
3,113,6.188566e-03
3,114,6.172131e-03
3,115,6.160353e-03
3,116,6.148700e-03
3,117,6.137677e-03
3,118,6.127993e-03
3,119,6.119298e-03
3,120,6.111441e-03
3,121,6.104987e-03
3,122,6.097033e-03
3,123,6.093118e-03
3,124,6.089093e-03
3,125,6.085812e-03
3,126,6.083409e-03
3,127,6.082042e-03
3,128,6.081568e-03
3,129,6.082042e-03
3,130,6.083409e-03
3,131,6.085812e-03
3,132,6.089093e-03
3,133,6.093118e-03
3,134,6.097033e-03
3,135,6.104987e-03
3,136,6.111441e-03
3,137,6.119298e-03
3,138,6.127993e-03
3,139,6.137677e-03
3,140,6.148700e-03
3,141,6.160353e-03
3,142,6.172131e-03
3,143,6.188566e-03
3,144,6.204665e-03
3,145,6.216234e-03
3,146,6.236284e-03
3,147,6.253824e-03
3,148,6.267584e-03
3,149,6.300903e-03
3,150,6.314432e-03
3,151,6.324361e-03
3,152,6.355433e-03
3,153,6.397718e-03
3,154,6.412995e-03
3,155,6.442291e-03
3,156,6.474921e-03
3,157,6.503989e-03
3,158,6.533313e-03
3,159,6.576466e-03
3,160,6.626923e-03
3,161,6.680967e-03
3,162,7.019006e-03
3,163,6.140695e-03
3,164,6.812685e-03
3,165,6.755156e-03
3,166,6.786635e-03
3,167,6.840467e-03
3,168,6.877038e-03
3,169,6.927866e-03
3,170,6.972422e-03
3,171,7.023070e-03
3,172,7.069106e-03
3,173,7.133754e-03
3,174,7.190695e-03
3,175,7.243750e-03
3,176,7.302505e-03
3,177,7.367227e-03
3,178,7.438844e-03
3,179,7.496649e-03
3,180,7.571760e-03
3,181,7.635778e-03
3,182,7.712462e-03
3,183,7.776451e-03
3,184,7.865581e-03
3,185,7.933811e-03
3,186,8.021631e-03
3,187,8.106956e-03
3,188,8.210184e-03
3,189,8.290385e-03
3,190,8.393087e-03
3,191,8.505187e-03
3,192,8.616343e-03
3,193,8.222615e-03
3,194,8.055006e-03
3,195,8.998085e-03
3,196,9.077539e-03
3,197,9.186692e-03
3,198,9.324227e-03
3,199,9.442215e-03
3,200,9.572103e-03
3,201,9.730285e-03
3,202,9.878220e-03
3,203,1.004076e-02
3,204,1.019425e-02
3,205,1.037233e-02
3,206,1.055373e-02
3,207,1.074907e-02
3,208,1.094322e-02
3,209,1.114573e-02
3,210,1.135736e-02
3,211,1.158464e-02
3,212,1.182306e-02
3,213,1.207320e-02
3,214,1.233651e-02
3,215,1.261563e-02
3,216,1.289675e-02
3,217,1.320570e-02
3,218,1.353177e-02
3,219,1.386884e-02
3,220,1.422378e-02
3,221,1.461902e-02
3,222,1.502503e-02
3,223,1.548808e-02
3,224,1.631460e-02
3,225,1.625944e-02
3,226,1.683828e-02
3,227,1.740397e-02
3,228,1.801689e-02
3,229,1.865637e-02
3,230,1.935992e-02
3,231,2.011329e-02
3,232,2.091904e-02
3,233,2.180376e-02
3,234,2.276782e-02
3,235,2.382884e-02
3,236,2.500867e-02
3,237,2.630604e-02
3,238,2.772206e-02
3,239,2.934103e-02
3,240,3.115540e-02
3,241,3.320599e-02
3,242,3.555768e-02
3,243,3.826626e-02
3,244,4.142933e-02
3,245,4.517659e-02
3,246,4.969016e-02
3,247,5.519291e-02
3,248,6.210826e-02
3,249,7.099790e-02
3,250,8.288482e-02
3,251,9.959870e-02
3,252,1.248563e-01
3,253,1.676145e-01
3,254,2.564184e-01
3,255,5.738284e-01
4,0,7.668858e-01
4,1,3.759414e-01
4,2,1.619472e-01
4,3,1.051565e-01
4,4,7.816045e-02
4,5,6.227007e-02
4,6,5.178320e-02
4,7,4.434457e-02
4,8,3.877848e-02
4,9,3.445682e-02
4,10,3.101382e-02
4,11,2.820172e-02
4,12,2.586542e-02
4,13,2.388628e-02
4,14,2.218647e-02
4,15,2.072467e-02
4,16,1.943946e-02
4,17,1.830877e-02
4,18,1.730215e-02
4,19,1.640611e-02
4,20,1.559200e-02
4,21,1.488004e-02
4,22,1.421242e-02
4,23,1.361307e-02
4,24,1.306047e-02
4,25,1.255104e-02
4,26,1.208396e-02
4,27,1.165200e-02
4,28,1.125254e-02
4,29,1.087887e-02
4,30,1.052929e-02
4,31,1.019644e-02
4,32,9.920857e-03
4,33,9.630587e-03
4,34,9.358480e-03
4,35,9.105119e-03
4,36,8.864964e-03
4,37,8.645566e-03
4,38,8.433465e-03
4,39,8.236506e-03
4,40,8.040055e-03
4,41,7.867364e-03
4,42,7.690356e-03
4,43,7.531139e-03
4,44,7.369295e-03
4,45,7.219080e-03
4,46,7.088852e-03
4,47,6.952134e-03
4,48,6.827104e-03
4,49,6.703614e-03
4,50,6.583312e-03
4,51,6.472640e-03
4,52,6.373835e-03
4,53,6.273810e-03
4,54,6.165560e-03
4,55,6.076613e-03
4,56,5.989293e-03
4,57,5.901309e-03
4,58,5.824208e-03
4,59,5.747659e-03
4,60,5.694750e-03
4,61,5.706545e-03
4,62,4.576756e-03
4,63,6.253821e-03
4,64,5.351759e-03
4,65,5.270066e-03
4,66,5.217414e-03
4,67,5.160565e-03
4,68,5.107998e-03
4,69,5.048563e-03
4,70,4.987944e-03
4,71,4.945478e-03
4,72,4.878607e-03
4,73,4.855406e-03
4,74,4.802937e-03
4,75,4.752978e-03
4,76,4.710837e-03
4,77,4.664621e-03
4,78,4.631276e-03
4,79,4.587002e-03
4,80,4.549777e-03
4,81,4.511154e-03
4,82,4.476311e-03
4,83,4.452147e-03
4,84,4.408003e-03
4,85,4.384500e-03
4,86,4.356406e-03
4,87,4.317955e-03
4,88,4.285560e-03
4,89,4.246805e-03
4,90,4.238350e-03
4,91,4.206370e-03
4,92,4.081637e-03
4,93,3.908050e-03
4,94,4.378379e-03
4,95,4.186312e-03
4,96,4.126176e-03
4,97,4.094437e-03
4,98,4.058013e-03
4,99,4.059985e-03
4,100,4.038846e-03
4,101,4.017218e-03
4,102,4.004782e-03
4,103,3.986337e-03
4,104,3.962663e-03
4,105,3.956163e-03
4,106,3.934627e-03
4,107,3.928240e-03
4,108,3.912923e-03
4,109,3.901851e-03
4,110,3.888437e-03
4,111,3.878245e-03
4,112,3.869406e-03
4,113,3.859195e-03
4,114,3.849417e-03
4,115,3.841885e-03
4,116,3.835538e-03
4,117,3.827863e-03
4,118,3.821349e-03
4,119,3.816181e-03
4,120,3.811092e-03
4,121,3.806724e-03
4,122,3.804020e-03
4,123,3.799457e-03
4,124,3.797041e-03
4,125,3.795177e-03
4,126,3.793614e-03
4,127,3.792779e-03
4,128,3.792511e-03
4,129,3.792779e-03
4,130,3.793614e-03
4,131,3.795177e-03
4,132,3.797041e-03
4,133,3.799457e-03
4,134,3.804020e-03
4,135,3.806724e-03
4,136,3.811092e-03
4,137,3.816181e-03
4,138,3.821349e-03
4,139,3.827863e-03
4,140,3.835538e-03
4,141,3.841885e-03
4,142,3.849417e-03
4,143,3.859195e-03
4,144,3.869406e-03
4,145,3.878245e-03
4,146,3.888437e-03
4,147,3.901851e-03
4,148,3.912923e-03
4,149,3.928240e-03
4,150,3.934627e-03
4,151,3.956163e-03
4,152,3.962663e-03
4,153,3.986337e-03
4,154,4.004782e-03
4,155,4.017218e-03
4,156,4.038846e-03
4,157,4.059985e-03
4,158,4.058013e-03
4,159,4.094437e-03
4,160,4.126176e-03
4,161,4.186312e-03
4,162,4.378379e-03
4,163,3.908050e-03
4,164,4.081637e-03
4,165,4.206370e-03
4,166,4.238350e-03
4,167,4.246805e-03
4,168,4.285560e-03
4,169,4.317955e-03
4,170,4.356406e-03
4,171,4.384500e-03
4,172,4.408003e-03
4,173,4.452147e-03
4,174,4.476311e-03
4,175,4.511154e-03
4,176,4.549777e-03
4,177,4.587002e-03
4,178,4.631276e-03
4,179,4.664621e-03
4,180,4.710837e-03
4,181,4.752978e-03
4,182,4.802937e-03
4,183,4.855406e-03
4,184,4.878607e-03
4,185,4.945478e-03
4,186,4.987944e-03
4,187,5.048563e-03
4,188,5.107998e-03
4,189,5.160565e-03
4,190,5.217414e-03
4,191,5.270066e-03
4,192,5.351759e-03
4,193,6.253821e-03
4,194,4.576756e-03
4,195,5.706545e-03
4,196,5.694750e-03
4,197,5.747659e-03
4,198,5.824208e-03
4,199,5.901309e-03
4,200,5.989293e-03
4,201,6.076613e-03
4,202,6.165560e-03
4,203,6.273810e-03
4,204,6.373835e-03
4,205,6.472640e-03
4,206,6.583312e-03
4,207,6.703614e-03
4,208,6.827104e-03
4,209,6.952134e-03
4,210,7.088852e-03
4,211,7.219080e-03
4,212,7.369295e-03
4,213,7.531139e-03
4,214,7.690356e-03
4,215,7.867364e-03
4,216,8.040055e-03
4,217,8.236506e-03
4,218,8.433465e-03
4,219,8.645566e-03
4,220,8.864964e-03
4,221,9.105119e-03
4,222,9.358480e-03
4,223,9.630587e-03
4,224,9.920857e-03
4,225,1.019644e-02
4,226,1.052929e-02
4,227,1.087887e-02
4,228,1.125254e-02
4,229,1.165200e-02
4,230,1.208396e-02
4,231,1.255104e-02
4,232,1.306047e-02
4,233,1.361307e-02
4,234,1.421242e-02
4,235,1.488004e-02
4,236,1.559200e-02
4,237,1.640611e-02
4,238,1.730215e-02
4,239,1.830877e-02
4,240,1.943946e-02
4,241,2.072467e-02
4,242,2.218647e-02
4,243,2.388628e-02
4,244,2.586542e-02
4,245,2.820172e-02
4,246,3.101382e-02
4,247,3.445682e-02
4,248,3.877848e-02
4,249,4.434457e-02
4,250,5.178320e-02
4,251,6.227007e-02
4,252,7.816045e-02
4,253,1.051565e-01
4,254,1.619472e-01
4,255,3.759414e-01
5,0,9.784892e-01
5,1,1.408541e-01
5,2,3.244235e-02
5,3,1.461822e-02
5,4,8.506581e-03
5,5,5.692571e-03
5,6,4.168482e-03
5,7,3.235478e-03
5,8,2.624438e-03
5,9,2.196001e-03
5,10,1.879927e-03
5,11,1.657946e-03
5,12,1.466031e-03
5,13,1.319158e-03
5,14,1.201254e-03
5,15,1.106189e-03
5,16,1.018774e-03
5,17,9.463731e-04
5,18,8.797640e-04
5,19,8.269618e-04
5,20,7.658803e-04
5,21,7.418229e-04
5,22,7.038825e-04
5,23,6.672540e-04
5,24,6.371082e-04
5,25,6.036635e-04
5,26,5.826535e-04
5,27,5.544588e-04
5,28,5.296279e-04
5,29,5.053235e-04
5,30,4.722585e-04
5,31,4.195542e-04
5,32,8.216616e-04
5,33,5.212449e-04
5,34,4.821725e-04
5,35,4.633165e-04
5,36,4.475063e-04
5,37,4.371465e-04
5,38,4.220898e-04
5,39,4.121595e-04
5,40,4.004296e-04
5,41,3.866925e-04
5,42,3.831398e-04
5,43,3.797651e-04
5,44,3.743582e-04
5,45,3.616836e-04
5,46,3.537120e-04
5,47,3.515133e-04
5,48,3.475900e-04
5,49,3.375822e-04
5,50,3.403219e-04
5,51,3.287442e-04
5,52,3.371230e-04
5,53,3.277379e-04
5,54,3.281296e-04
5,55,3.212328e-04
5,56,3.325060e-04
5,57,3.374683e-04
5,58,3.442353e-04
5,59,3.705219e-04
5,60,4.204118e-04
5,61,5.819428e-04
5,62,7.984668e-04
5,63,6.374571e-04
5,64,9.200213e-05
5,65,1.370941e-04
5,66,1.700765e-04
5,67,1.791052e-04
5,68,1.790037e-04
5,69,1.923722e-04
5,70,1.935694e-04
5,71,1.978694e-04
5,72,1.926433e-04
5,73,2.032125e-04
5,74,1.975293e-04
5,75,1.966628e-04
5,76,2.083083e-04
5,77,1.998865e-04
5,78,1.944204e-04
5,79,1.967031e-04
5,80,1.907686e-04
5,81,1.940541e-04
5,82,1.852816e-04
5,83,1.943622e-04
5,84,1.975239e-04
5,85,1.844985e-04
5,86,1.861831e-04
5,87,1.951691e-04
5,88,1.901668e-04
5,89,1.911894e-04
5,90,1.940295e-04
5,91,1.935689e-04
5,92,1.787803e-04
5,93,3.883146e-04
5,94,2.756259e-04
5,95,1.633932e-04
5,96,1.667848e-04
5,97,1.652634e-04
5,98,1.627672e-04
5,99,1.657045e-04
5,100,1.627187e-04
5,101,1.676250e-04
5,102,1.712356e-04
5,103,1.783885e-04
5,104,1.704685e-04
5,105,1.586247e-04
5,106,1.791555e-04
5,107,1.632594e-04
5,108,1.691028e-04
5,109,1.616073e-04
5,110,1.662766e-04
5,111,1.641732e-04
5,112,1.658934e-04
5,113,1.630975e-04
5,114,1.641762e-04
5,115,1.648248e-04
5,116,1.635923e-04
5,117,1.646640e-04
5,118,1.640373e-04
5,119,1.639171e-04
5,120,1.639110e-04
5,121,1.635310e-04
5,122,1.632192e-04
5,123,1.633128e-04
5,124,1.636856e-04
5,125,1.634968e-04
5,126,1.633754e-04
5,127,1.634022e-04
5,128,1.634102e-04
5,129,1.634022e-04
5,130,1.633754e-04
5,131,1.634968e-04
5,132,1.636856e-04
5,133,1.633128e-04
5,134,1.632192e-04
5,135,1.635310e-04
5,136,1.639110e-04
5,137,1.639171e-04
5,138,1.640373e-04
5,139,1.646640e-04
5,140,1.635923e-04
5,141,1.648248e-04
5,142,1.641762e-04
5,143,1.630975e-04
5,144,1.658934e-04
5,145,1.641732e-04
5,146,1.662766e-04
5,147,1.616073e-04
5,148,1.691028e-04
5,149,1.632594e-04
5,150,1.791555e-04
5,151,1.586247e-04
5,152,1.704685e-04
5,153,1.783885e-04
5,154,1.712356e-04
5,155,1.676250e-04
5,156,1.627187e-04
5,157,1.657045e-04
5,158,1.627672e-04
5,159,1.652634e-04
5,160,1.667848e-04
5,161,1.633932e-04
5,162,2.756259e-04
5,163,3.883146e-04
5,164,1.787803e-04
5,165,1.935689e-04
5,166,1.940295e-04
5,167,1.911894e-04
5,168,1.901668e-04
5,169,1.951691e-04
5,170,1.861831e-04
5,171,1.844985e-04
5,172,1.975239e-04
5,173,1.943622e-04
5,174,1.852816e-04
5,175,1.940541e-04
5,176,1.907686e-04
5,177,1.967031e-04
5,178,1.944204e-04
5,179,1.998865e-04
5,180,2.083083e-04
5,181,1.966628e-04
5,182,1.975293e-04
5,183,2.032125e-04
5,184,1.926433e-04
5,185,1.978694e-04
5,186,1.935694e-04
5,187,1.923722e-04
5,188,1.790037e-04
5,189,1.791052e-04
5,190,1.700765e-04
5,191,1.370941e-04
5,192,9.200213e-05
5,193,6.374571e-04
5,194,7.984668e-04
5,195,5.819428e-04
5,196,4.204118e-04
5,197,3.705219e-04
5,198,3.442353e-04
5,199,3.374683e-04
5,200,3.325060e-04
5,201,3.212328e-04
5,202,3.281296e-04
5,203,3.277379e-04
5,204,3.371230e-04
5,205,3.287442e-04
5,206,3.403219e-04
5,207,3.375822e-04
5,208,3.475900e-04
5,209,3.515133e-04
5,210,3.537120e-04
5,211,3.616836e-04
5,212,3.743582e-04
5,213,3.797651e-04
5,214,3.831398e-04
5,215,3.866925e-04
5,216,4.004296e-04
5,217,4.121595e-04
5,218,4.220898e-04
5,219,4.371465e-04
5,220,4.475063e-04
5,221,4.633165e-04
5,222,4.821725e-04
5,223,5.212449e-04
5,224,8.216616e-04
5,225,4.195542e-04
5,226,4.722585e-04
5,227,5.053235e-04
5,228,5.296279e-04
5,229,5.544588e-04
5,230,5.826535e-04
5,231,6.036635e-04
5,232,6.371082e-04
5,233,6.672540e-04
5,234,7.038825e-04
5,235,7.418229e-04
5,236,7.658803e-04
5,237,8.269618e-04
5,238,8.797640e-04
5,239,9.463731e-04
5,240,1.018774e-03
5,241,1.106189e-03
5,242,1.201254e-03
5,243,1.319158e-03
5,244,1.466031e-03
5,245,1.657946e-03
5,246,1.879927e-03
5,247,2.196001e-03
5,248,2.624438e-03
5,249,3.235478e-03
5,250,4.168482e-03
5,251,5.692571e-03
5,252,8.506581e-03
5,253,1.461822e-02
5,254,3.244235e-02
5,255,1.408541e-01
6,0,6.779064e-01
6,1,4.243801e-01
6,2,1.900607e-01
6,3,1.243336e-01
6,4,9.264460e-02
6,5,7.391926e-02
6,6,6.151201e-02
6,7,5.268696e-02
6,8,4.608628e-02
6,9,4.095676e-02
6,10,3.687361e-02
6,11,3.353252e-02
6,12,3.075436e-02
6,13,2.840396e-02
6,14,2.638920e-02
6,15,2.464389e-02
6,16,2.311530e-02
6,17,2.178826e-02
6,18,2.058344e-02
6,19,1.952896e-02
6,20,1.856758e-02
6,21,1.768885e-02
6,22,1.691159e-02
6,23,1.618869e-02
6,24,1.553083e-02
6,25,1.493099e-02
6,26,1.437661e-02
6,27,1.386394e-02
6,28,1.339082e-02
6,29,1.295095e-02
6,30,1.254308e-02
6,31,1.217027e-02
6,32,1.158766e-02
6,33,1.142023e-02
6,34,1.112296e-02
6,35,1.081700e-02
6,36,1.053195e-02
6,37,1.026654e-02
6,38,1.001760e-02
6,39,9.789062e-03
6,40,9.562285e-03
6,41,9.343913e-03
6,42,9.141217e-03
6,43,8.944924e-03
6,44,8.766771e-03
6,45,8.600324e-03
6,46,8.431145e-03
6,47,8.273075e-03
6,48,8.113101e-03
6,49,7.967632e-03
6,50,7.833369e-03
6,51,7.700297e-03
6,52,7.575216e-03
6,53,7.439082e-03
6,54,7.324103e-03
6,55,7.210625e-03
6,56,7.114864e-03
6,57,7.017305e-03
6,58,6.903327e-03
6,59,6.808520e-03
6,60,6.721813e-03
6,61,6.646935e-03
6,62,7.073515e-03
6,63,5.298581e-03
6,64,6.350503e-03
6,65,6.288657e-03
6,66,6.205893e-03
6,67,6.134413e-03
6,68,6.094019e-03
6,69,6.010013e-03
6,70,5.932427e-03
6,71,5.886386e-03
6,72,5.818720e-03
6,73,5.762792e-03
6,74,5.716028e-03
6,75,5.663071e-03
6,76,5.611757e-03
6,77,5.569235e-03
6,78,5.505007e-03
6,79,5.465873e-03
6,80,5.413710e-03
6,81,5.367175e-03
6,82,5.328019e-03
6,83,5.296801e-03
6,84,5.250126e-03
6,85,5.224058e-03
6,86,5.186169e-03
6,87,5.140829e-03
6,88,5.100902e-03
6,89,5.072130e-03
6,90,5.044748e-03
6,91,4.960322e-03
6,92,5.375630e-03
6,93,4.979111e-03
6,94,4.918894e-03
6,95,4.899097e-03
6,96,4.873647e-03
6,97,4.841543e-03
6,98,4.841158e-03
6,99,4.806908e-03
6,100,4.779424e-03
6,101,4.763585e-03
6,102,4.755876e-03
6,103,4.722702e-03
6,104,4.701764e-03
6,105,4.696270e-03
6,106,4.668671e-03
6,107,4.661228e-03
6,108,4.641021e-03
6,109,4.629697e-03
6,110,4.618062e-03
6,111,4.603567e-03
6,112,4.592200e-03
6,113,4.581775e-03
6,114,4.571294e-03
6,115,4.563439e-03
6,116,4.553659e-03
6,117,4.546414e-03
6,118,4.538829e-03
6,119,4.532740e-03
6,120,4.526705e-03
6,121,4.523223e-03
6,122,4.518167e-03
6,123,4.513855e-03
6,124,4.510335e-03
6,125,4.508124e-03
6,126,4.506551e-03
6,127,4.505555e-03
6,128,4.505223e-03
6,129,4.505555e-03
6,130,4.506551e-03
6,131,4.508124e-03
6,132,4.510335e-03
6,133,4.513855e-03
6,134,4.518167e-03
6,135,4.523223e-03
6,136,4.526705e-03
6,137,4.532740e-03
6,138,4.538829e-03
6,139,4.546414e-03
6,140,4.553659e-03
6,141,4.563439e-03
6,142,4.571294e-03
6,143,4.581775e-03
6,144,4.592200e-03
6,145,4.603567e-03
6,146,4.618062e-03
6,147,4.629697e-03
6,148,4.641021e-03
6,149,4.661228e-03
6,150,4.668671e-03
6,151,4.696270e-03
6,152,4.701764e-03
6,153,4.722702e-03
6,154,4.755876e-03
6,155,4.763585e-03
6,156,4.779424e-03
6,157,4.806908e-03
6,158,4.841158e-03
6,159,4.841543e-03
6,160,4.873647e-03
6,161,4.899097e-03
6,162,4.918894e-03
6,163,4.979111e-03
6,164,5.375630e-03
6,165,4.960322e-03
6,166,5.044748e-03
6,167,5.072130e-03
6,168,5.100902e-03
6,169,5.140829e-03
6,170,5.186169e-03
6,171,5.224058e-03
6,172,5.250126e-03
6,173,5.296801e-03
6,174,5.328019e-03
6,175,5.367175e-03
6,176,5.413710e-03
6,177,5.465873e-03
6,178,5.505007e-03
6,179,5.569235e-03
6,180,5.611757e-03
6,181,5.663071e-03
6,182,5.716028e-03
6,183,5.762792e-03
6,184,5.818720e-03
6,185,5.886386e-03
6,186,5.932427e-03
6,187,6.010013e-03
6,188,6.094019e-03
6,189,6.134413e-03
6,190,6.205893e-03
6,191,6.288657e-03
6,192,6.350503e-03
6,193,5.298581e-03
6,194,7.073515e-03
6,195,6.646935e-03
6,196,6.721813e-03
6,197,6.808520e-03
6,198,6.903327e-03
6,199,7.017305e-03
6,200,7.114864e-03
6,201,7.210625e-03
6,202,7.324103e-03
6,203,7.439082e-03
6,204,7.575216e-03
6,205,7.700297e-03
6,206,7.833369e-03
6,207,7.967632e-03
6,208,8.113101e-03
6,209,8.273075e-03
6,210,8.431145e-03
6,211,8.600324e-03
6,212,8.766771e-03
6,213,8.944924e-03
6,214,9.141217e-03
6,215,9.343913e-03
6,216,9.562285e-03
6,217,9.789062e-03
6,218,1.001760e-02
6,219,1.026654e-02
6,220,1.053195e-02
6,221,1.081700e-02
6,222,1.112296e-02
6,223,1.142023e-02
6,224,1.158766e-02
6,225,1.217027e-02
6,226,1.254308e-02
6,227,1.295095e-02
6,228,1.339082e-02
6,229,1.386394e-02
6,230,1.437661e-02
6,231,1.493099e-02
6,232,1.553083e-02
6,233,1.618869e-02
6,234,1.691159e-02
6,235,1.768885e-02
6,236,1.856758e-02
6,237,1.952896e-02
6,238,2.058344e-02
6,239,2.178826e-02
6,240,2.311530e-02
6,241,2.464389e-02
6,242,2.638920e-02
6,243,2.840396e-02
6,244,3.075436e-02
6,245,3.353252e-02
6,246,3.687361e-02
6,247,4.095676e-02
6,248,4.608628e-02
6,249,5.268696e-02
6,250,6.151201e-02
6,251,7.391926e-02
6,252,9.264460e-02
6,253,1.243336e-01
6,254,1.900607e-01
6,255,4.243801e-01
7,0,6.573423e-01
7,1,4.312377e-01
7,2,1.976761e-01
7,3,1.296555e-01
7,4,9.673443e-02
7,5,7.718380e-02
7,6,6.425656e-02
7,7,5.503684e-02
7,8,4.815389e-02
7,9,4.281025e-02
7,10,3.852738e-02
7,11,3.504704e-02
7,12,3.213705e-02
7,13,2.967787e-02
7,14,2.757313e-02
7,15,2.576364e-02
7,16,2.416557e-02
7,17,2.277312e-02
7,18,2.151617e-02
7,19,2.038615e-02
7,20,1.940924e-02
7,21,1.849220e-02
7,22,1.766802e-02
7,23,1.692561e-02
7,24,1.624352e-02
7,25,1.560283e-02
7,26,1.503358e-02
7,27,1.449834e-02
7,28,1.400087e-02
7,29,1.354929e-02
7,30,1.313030e-02
7,31,1.277233e-02
7,32,1.212372e-02
7,33,1.190088e-02
7,34,1.159821e-02
7,35,1.128070e-02
7,36,1.100651e-02
7,37,1.072141e-02
7,38,1.046097e-02
7,39,1.021994e-02
7,40,9.977750e-03
7,41,9.752631e-03
7,42,9.540412e-03
7,43,9.338526e-03
7,44,9.158364e-03
7,45,8.962484e-03
7,46,8.793429e-03
7,47,8.629660e-03
7,48,8.462770e-03
7,49,8.316346e-03
7,50,8.167467e-03
7,51,8.024211e-03
7,52,7.898255e-03
7,53,7.773285e-03
7,54,7.635460e-03
7,55,7.514067e-03
7,56,7.391517e-03
7,57,7.292606e-03
7,58,7.175693e-03
7,59,7.064280e-03
7,60,6.931911e-03
7,61,6.699565e-03
7,62,8.656365e-03
7,63,7.762905e-03
7,64,6.640720e-03
7,65,6.589707e-03
7,66,6.512352e-03
7,67,6.441115e-03
7,68,6.354688e-03
7,69,6.299156e-03
7,70,6.226974e-03
7,71,6.164743e-03
7,72,6.098946e-03
7,73,6.042034e-03
7,74,5.982937e-03
7,75,5.922571e-03
7,76,5.874909e-03
7,77,5.824222e-03
7,78,5.763754e-03
7,79,5.718129e-03
7,80,5.670396e-03
7,81,5.612969e-03
7,82,5.575896e-03
7,83,5.534276e-03
7,84,5.496053e-03
7,85,5.460074e-03
7,86,5.419129e-03
7,87,5.364966e-03
7,88,5.340103e-03
7,89,5.318958e-03
7,90,5.279668e-03
7,91,5.201259e-03
7,92,5.217942e-03
7,93,5.032928e-03
7,94,5.145842e-03
7,95,5.125040e-03
7,96,5.105212e-03
7,97,5.076151e-03
7,98,5.049737e-03
7,99,5.025027e-03
7,100,4.999380e-03
7,101,4.998593e-03
7,102,4.961895e-03
7,103,4.939117e-03
7,104,4.924838e-03
7,105,4.913311e-03
7,106,4.896504e-03
7,107,4.875915e-03
7,108,4.849517e-03
7,109,4.840361e-03
7,110,4.830944e-03
7,111,4.815383e-03
7,112,4.806274e-03
7,113,4.793706e-03
7,114,4.781962e-03
7,115,4.772196e-03
7,116,4.763234e-03
7,117,4.755585e-03
7,118,4.747907e-03
7,119,4.739871e-03
7,120,4.734202e-03
7,121,4.729443e-03
7,122,4.725191e-03
7,123,4.721676e-03
7,124,4.718069e-03
7,125,4.715533e-03
7,126,4.713808e-03
7,127,4.712697e-03
7,128,4.712329e-03
7,129,4.712697e-03
7,130,4.713808e-03
7,131,4.715533e-03
7,132,4.718069e-03
7,133,4.721676e-03
7,134,4.725191e-03
7,135,4.729443e-03
7,136,4.734202e-03
7,137,4.739871e-03
7,138,4.747907e-03
7,139,4.755585e-03
7,140,4.763234e-03
7,141,4.772196e-03
7,142,4.781962e-03
7,143,4.793706e-03
7,144,4.806274e-03
7,145,4.815383e-03
7,146,4.830944e-03
7,147,4.840361e-03
7,148,4.849517e-03
7,149,4.875915e-03
7,150,4.896504e-03
7,151,4.913311e-03
7,152,4.924838e-03
7,153,4.939117e-03
7,154,4.961895e-03
7,155,4.998593e-03
7,156,4.999380e-03
7,157,5.025027e-03
7,158,5.049737e-03
7,159,5.076151e-03
7,160,5.105212e-03
7,161,5.125040e-03
7,162,5.145842e-03
7,163,5.032928e-03
7,164,5.217942e-03
7,165,5.201259e-03
7,166,5.279668e-03
7,167,5.318958e-03
7,168,5.340103e-03
7,169,5.364966e-03
7,170,5.419129e-03
7,171,5.460074e-03
7,172,5.496053e-03
7,173,5.534276e-03
7,174,5.575896e-03
7,175,5.612969e-03
7,176,5.670396e-03
7,177,5.718129e-03
7,178,5.763754e-03
7,179,5.824222e-03
7,180,5.874909e-03
7,181,5.922571e-03
7,182,5.982937e-03
7,183,6.042034e-03
7,184,6.098946e-03
7,185,6.164743e-03
7,186,6.226974e-03
7,187,6.299156e-03
7,188,6.354688e-03
7,189,6.441115e-03
7,190,6.512352e-03
7,191,6.589707e-03
7,192,6.640720e-03
7,193,7.762905e-03
7,194,8.656365e-03
7,195,6.699565e-03
7,196,6.931911e-03
7,197,7.064280e-03
7,198,7.175693e-03
7,199,7.292606e-03
7,200,7.391517e-03
7,201,7.514067e-03
7,202,7.635460e-03
7,203,7.773285e-03
7,204,7.898255e-03
7,205,8.024211e-03
7,206,8.167467e-03
7,207,8.316346e-03
7,208,8.462770e-03
7,209,8.629660e-03
7,210,8.793429e-03
7,211,8.962484e-03
7,212,9.158364e-03
7,213,9.338526e-03
7,214,9.540412e-03
7,215,9.752631e-03
7,216,9.977750e-03
7,217,1.021994e-02
7,218,1.046097e-02
7,219,1.072141e-02
7,220,1.100651e-02
7,221,1.128070e-02
7,222,1.159821e-02
7,223,1.190088e-02
7,224,1.212372e-02
7,225,1.277233e-02
7,226,1.313030e-02
7,227,1.354929e-02
7,228,1.400087e-02
7,229,1.449834e-02
7,230,1.503358e-02
7,231,1.560283e-02
7,232,1.624352e-02
7,233,1.692561e-02
7,234,1.766802e-02
7,235,1.849220e-02
7,236,1.940924e-02
7,237,2.038615e-02
7,238,2.151617e-02
7,239,2.277312e-02
7,240,2.416557e-02
7,241,2.576364e-02
7,242,2.757313e-02
7,243,2.967787e-02
7,244,3.213705e-02
7,245,3.504704e-02
7,246,3.852738e-02
7,247,4.281025e-02
7,248,4.815389e-02
7,249,5.503684e-02
7,250,6.425656e-02
7,251,7.718380e-02
7,252,9.673443e-02
7,253,1.296555e-01
7,254,1.976761e-01
7,255,4.312377e-01
8,0,9.855989e-01
8,1,1.128752e-01
8,2,3.017752e-02
8,3,1.572193e-02
8,4,1.042798e-02
8,5,7.797138e-03
8,6,6.240835e-03
8,7,5.215454e-03
8,8,4.481639e-03
8,9,3.938441e-03
8,10,3.511525e-03
8,11,3.175058e-03
8,12,2.897259e-03
8,13,2.664555e-03
8,14,2.469874e-03
8,15,2.293447e-03
8,16,2.151613e-03
8,17,2.022212e-03
8,18,1.905354e-03
8,19,1.805727e-03
8,20,1.732554e-03
8,21,1.637480e-03
8,22,1.557752e-03
8,23,1.492417e-03
8,24,1.429451e-03
8,25,1.379295e-03
8,26,1.324598e-03
8,27,1.273956e-03
8,28,1.236996e-03
8,29,1.192519e-03
8,30,1.160203e-03
8,31,1.142999e-03
8,32,1.122264e-03
8,33,1.040654e-03
8,34,1.008093e-03
8,35,9.827451e-04
8,36,9.572987e-04
8,37,9.374818e-04
8,38,9.097967e-04
8,39,8.856574e-04
8,40,8.697066e-04
8,41,8.493314e-04
8,42,8.285972e-04
8,43,8.104344e-04
8,44,7.929306e-04
8,45,7.799940e-04
8,46,7.633496e-04
8,47,7.404588e-04
8,48,7.327251e-04
8,49,7.217944e-04
8,50,6.998518e-04
8,51,6.846402e-04
8,52,6.761212e-04
8,53,6.587585e-04
8,54,6.481557e-04
8,55,6.339539e-04
8,56,6.129716e-04
8,57,5.963821e-04
8,58,5.745350e-04
8,59,5.534343e-04
8,60,5.044962e-04
8,61,3.811853e-04
8,62,1.660405e-03
8,63,1.670891e-03
8,64,6.867933e-04
8,65,6.473151e-04
8,66,6.325019e-04
8,67,6.068585e-04
8,68,5.947903e-04
8,69,5.893373e-04
8,70,5.761774e-04
8,71,5.592646e-04
8,72,5.606486e-04
8,73,5.539939e-04
8,74,5.376758e-04
8,75,5.343376e-04
8,76,5.329578e-04
8,77,5.279790e-04
8,78,5.307816e-04
8,79,5.256137e-04
8,80,5.251226e-04
8,81,5.034613e-04
8,82,4.977613e-04
8,83,5.139349e-04
8,84,4.953002e-04
8,85,4.952216e-04
8,86,4.935571e-04
8,87,4.882611e-04
8,88,4.914735e-04
8,89,4.956271e-04
8,90,4.975604e-04
8,91,5.370498e-04
8,92,2.791803e-04
8,93,7.668309e-04
8,94,4.384565e-04
8,95,4.190136e-04
8,96,4.407989e-04
8,97,4.428399e-04
8,98,4.450811e-04
8,99,4.345074e-04
8,100,4.421932e-04
8,101,4.453665e-04
8,102,4.342482e-04
8,103,4.370191e-04
8,104,4.355801e-04
8,105,4.289540e-04
8,106,4.336418e-04
8,107,4.240389e-04
8,108,4.256973e-04
8,109,4.317490e-04
8,110,4.234169e-04
8,111,4.265748e-04
8,112,4.220823e-04
8,113,4.251363e-04
8,114,4.229189e-04
8,115,4.207764e-04
8,116,4.205765e-04
8,117,4.196352e-04
8,118,4.190700e-04
8,119,4.189641e-04
8,120,4.176376e-04
8,121,4.173447e-04
8,122,4.174817e-04
8,123,4.166538e-04
8,124,4.164545e-04
8,125,4.163127e-04
8,126,4.162310e-04
8,127,4.162422e-04
8,128,4.160666e-04
8,129,4.162422e-04
8,130,4.162310e-04
8,131,4.163127e-04
8,132,4.164545e-04
8,133,4.166538e-04
8,134,4.174817e-04
8,135,4.173447e-04
8,136,4.176376e-04
8,137,4.189641e-04
8,138,4.190700e-04
8,139,4.196352e-04
8,140,4.205765e-04
8,141,4.207764e-04
8,142,4.229189e-04
8,143,4.251363e-04
8,144,4.220823e-04
8,145,4.265748e-04
8,146,4.234169e-04
8,147,4.317490e-04
8,148,4.256973e-04
8,149,4.240389e-04
8,150,4.336418e-04
8,151,4.289540e-04
8,152,4.355801e-04
8,153,4.370191e-04
8,154,4.342482e-04
8,155,4.453665e-04
8,156,4.421932e-04
8,157,4.345074e-04
8,158,4.450811e-04
8,159,4.428399e-04
8,160,4.407989e-04
8,161,4.190136e-04
8,162,4.384565e-04
8,163,7.668309e-04
8,164,2.791803e-04
8,165,5.370498e-04
8,166,4.975604e-04
8,167,4.956271e-04
8,168,4.914735e-04
8,169,4.882611e-04
8,170,4.935571e-04
8,171,4.952216e-04
8,172,4.953002e-04
8,173,5.139349e-04
8,174,4.977613e-04
8,175,5.034613e-04
8,176,5.251226e-04
8,177,5.256137e-04
8,178,5.307816e-04
8,179,5.279790e-04
8,180,5.329578e-04
8,181,5.343376e-04
8,182,5.376758e-04
8,183,5.539939e-04
8,184,5.606486e-04
8,185,5.592646e-04
8,186,5.761774e-04
8,187,5.893373e-04
8,188,5.947903e-04
8,189,6.068585e-04
8,190,6.325019e-04
8,191,6.473151e-04
8,192,6.867933e-04
8,193,1.670891e-03
8,194,1.660405e-03
8,195,3.811853e-04
8,196,5.044962e-04
8,197,5.534343e-04
8,198,5.745350e-04
8,199,5.963821e-04
8,200,6.129716e-04
8,201,6.339539e-04
8,202,6.481557e-04
8,203,6.587585e-04
8,204,6.761212e-04
8,205,6.846402e-04
8,206,6.998518e-04
8,207,7.217944e-04
8,208,7.327251e-04
8,209,7.404588e-04
8,210,7.633496e-04
8,211,7.799940e-04
8,212,7.929306e-04
8,213,8.104344e-04
8,214,8.285972e-04
8,215,8.493314e-04
8,216,8.697066e-04
8,217,8.856574e-04
8,218,9.097967e-04
8,219,9.374818e-04
8,220,9.572987e-04
8,221,9.827451e-04
8,222,1.008093e-03
8,223,1.040654e-03
8,224,1.122264e-03
8,225,1.142999e-03
8,226,1.160203e-03
8,227,1.192519e-03
8,228,1.236996e-03
8,229,1.273956e-03
8,230,1.324598e-03
8,231,1.379295e-03
8,232,1.429451e-03
8,233,1.492417e-03
8,234,1.557752e-03
8,235,1.637480e-03
8,236,1.732554e-03
8,237,1.805727e-03
8,238,1.905354e-03
8,239,2.022212e-03
8,240,2.151613e-03
8,241,2.293447e-03
8,242,2.469874e-03
8,243,2.664555e-03
8,244,2.897259e-03
8,245,3.175058e-03
8,246,3.511525e-03
8,247,3.938441e-03
8,248,4.481639e-03
8,249,5.215454e-03
8,250,6.240835e-03
8,251,7.797138e-03
8,252,1.042798e-02
8,253,1.572193e-02
8,254,3.017752e-02
8,255,1.128752e-01
9,0,4.910578e-01
9,1,4.975645e-01
9,2,2.291046e-01
9,3,1.504552e-01
9,4,1.123111e-01
9,5,8.963994e-02
9,6,7.463511e-02
9,7,6.393981e-02
9,8,5.593782e-02
9,9,4.972577e-02
9,10,4.476623e-02
9,11,4.071201e-02
9,12,3.732640e-02
9,13,3.448048e-02
9,14,3.203705e-02
9,15,2.992188e-02
9,16,2.807347e-02
9,17,2.644920e-02
9,18,2.499291e-02
9,19,2.370136e-02
9,20,2.251088e-02
9,21,2.149242e-02
9,22,2.053616e-02
9,23,1.966330e-02
9,24,1.886882e-02
9,25,1.813687e-02
9,26,1.746462e-02
9,27,1.684622e-02
9,28,1.627032e-02
9,29,1.574112e-02
9,30,1.526077e-02
9,31,1.486054e-02
9,32,1.384902e-02
9,33,1.381286e-02
9,34,1.346512e-02
9,35,1.312031e-02
9,36,1.277546e-02
9,37,1.246987e-02
9,38,1.215941e-02
9,39,1.186826e-02
9,40,1.158959e-02
9,41,1.133157e-02
9,42,1.109507e-02
9,43,1.084875e-02
9,44,1.063377e-02
9,45,1.041964e-02
9,46,1.021561e-02
9,47,1.002172e-02
9,48,9.840100e-03
9,49,9.666311e-03
9,50,9.494577e-03
9,51,9.335808e-03
9,52,9.175961e-03
9,53,9.022176e-03
9,54,8.880179e-03
9,55,8.733374e-03
9,56,8.587338e-03
9,57,8.469600e-03
9,58,8.341970e-03
9,59,8.199218e-03
9,60,8.078594e-03
9,61,7.907838e-03
9,62,8.176538e-03
9,63,7.284709e-03
9,64,7.864004e-03
9,65,7.720177e-03
9,66,7.618180e-03
9,67,7.518154e-03
9,68,7.424776e-03
9,69,7.348591e-03
9,70,7.251979e-03
9,71,7.183157e-03
9,72,7.124908e-03
9,73,7.021766e-03
9,74,6.976577e-03
9,75,6.889687e-03
9,76,6.846996e-03
9,77,6.781765e-03
9,78,6.725564e-03
9,79,6.660202e-03
9,80,6.605403e-03
9,81,6.565923e-03
9,82,6.484094e-03
9,83,6.462008e-03
9,84,6.396616e-03
9,85,6.389156e-03
9,86,6.328478e-03
9,87,6.282523e-03
9,88,6.244122e-03
9,89,6.239362e-03
9,90,6.219195e-03
9,91,6.246399e-03
9,92,6.235580e-03
9,93,6.227711e-03
9,94,5.493109e-03
9,95,5.811089e-03
9,96,5.837071e-03
9,97,5.836704e-03
9,98,5.801022e-03
9,99,5.792300e-03
9,100,5.775676e-03
9,101,5.760525e-03
9,102,5.748136e-03
9,103,5.712064e-03
9,104,5.692568e-03
9,105,5.666849e-03
9,106,5.657058e-03
9,107,5.644199e-03
9,108,5.631106e-03
9,109,5.604662e-03
9,110,5.591917e-03
9,111,5.578825e-03
9,112,5.566660e-03
9,113,5.549782e-03
9,114,5.542088e-03
9,115,5.527991e-03
9,116,5.519193e-03
9,117,5.510384e-03
9,118,5.501375e-03
9,119,5.494038e-03
9,120,5.486875e-03
9,121,5.482693e-03
9,122,5.476943e-03
9,123,5.472222e-03
9,124,5.468583e-03
9,125,5.465824e-03
9,126,5.463704e-03
9,127,5.462484e-03
9,128,5.462162e-03
9,129,5.462484e-03
9,130,5.463704e-03
9,131,5.465824e-03
9,132,5.468583e-03
9,133,5.472222e-03
9,134,5.476943e-03
9,135,5.482693e-03
9,136,5.486875e-03
9,137,5.494038e-03
9,138,5.501375e-03
9,139,5.510384e-03
9,140,5.519193e-03
9,141,5.527991e-03
9,142,5.542088e-03
9,143,5.549782e-03
9,144,5.566660e-03
9,145,5.578825e-03
9,146,5.591917e-03
9,147,5.604662e-03
9,148,5.631106e-03
9,149,5.644199e-03
9,150,5.657058e-03
9,151,5.666849e-03
9,152,5.692568e-03
9,153,5.712064e-03
9,154,5.748136e-03
9,155,5.760525e-03
9,156,5.775676e-03
9,157,5.792300e-03
9,158,5.801022e-03
9,159,5.836704e-03
9,160,5.837071e-03
9,161,5.811089e-03
9,162,5.493109e-03
9,163,6.227711e-03
9,164,6.235580e-03
9,165,6.246399e-03
9,166,6.219195e-03
9,167,6.239362e-03
9,168,6.244122e-03
9,169,6.282523e-03
9,170,6.328478e-03
9,171,6.389156e-03
9,172,6.396616e-03
9,173,6.462008e-03
9,174,6.484094e-03
9,175,6.565923e-03
9,176,6.605403e-03
9,177,6.660202e-03
9,178,6.725564e-03
9,179,6.781765e-03
9,180,6.846996e-03
9,181,6.889687e-03
9,182,6.976577e-03
9,183,7.021766e-03
9,184,7.124908e-03
9,185,7.183157e-03
9,186,7.251979e-03
9,187,7.348591e-03
9,188,7.424776e-03
9,189,7.518154e-03
9,190,7.618180e-03
9,191,7.720177e-03
9,192,7.864004e-03
9,193,7.284709e-03
9,194,8.176538e-03
9,195,7.907838e-03
9,196,8.078594e-03
9,197,8.199218e-03
9,198,8.341970e-03
9,199,8.469600e-03
9,200,8.587338e-03
9,201,8.733374e-03
9,202,8.880179e-03
9,203,9.022176e-03
9,204,9.175961e-03
9,205,9.335808e-03
9,206,9.494577e-03
9,207,9.666311e-03
9,208,9.840100e-03
9,209,1.002172e-02
9,210,1.021561e-02
9,211,1.041964e-02
9,212,1.063377e-02
9,213,1.084875e-02
9,214,1.109507e-02
9,215,1.133157e-02
9,216,1.158959e-02
9,217,1.186826e-02
9,218,1.215941e-02
9,219,1.246987e-02
9,220,1.277546e-02
9,221,1.312031e-02
9,222,1.346512e-02
9,223,1.381286e-02
9,224,1.384902e-02
9,225,1.486054e-02
9,226,1.526077e-02
9,227,1.574112e-02
9,228,1.627032e-02
9,229,1.684622e-02
9,230,1.746462e-02
9,231,1.813687e-02
9,232,1.886882e-02
9,233,1.966330e-02
9,234,2.053616e-02
9,235,2.149242e-02
9,236,2.251088e-02
9,237,2.370136e-02
9,238,2.499291e-02
9,239,2.644920e-02
9,240,2.807347e-02
9,241,2.992188e-02
9,242,3.203705e-02
9,243,3.448048e-02
9,244,3.732640e-02
9,245,4.071201e-02
9,246,4.476623e-02
9,247,4.972577e-02
9,248,5.593782e-02
9,249,6.393981e-02
9,250,7.463511e-02
9,251,8.963994e-02
9,252,1.123111e-01
9,253,1.504552e-01
9,254,2.291046e-01
9,255,4.975645e-01

segmento,estado_cuantico,conteo
0,|11110000>,1
0,|00000000>,2743
0,|11111111>,491
0,|00000001>,480
0,|00000100>,23
0,|00000010>,81
0,|00000110>,8
0,|10000000>,1
0,|11111110>,83
0,|00010011>,1
0,|11111101>,22
0,|00000101>,14
0,|00011000>,2
0,|00001001>,1
0,|11111100>,19
0,|11110011>,1
0,|11001101>,1
0,|00001101>,4
0,|11100111>,1
0,|00000011>,22
0,|11111011>,12
0,|11111010>,10
0,|11111001>,9
0,|00000111>,5
0,|00010110>,2
0,|11101011>,3
0,|11110100>,1
0,|00001010>,3
0,|11110111>,4
0,|00001111>,1
0,|11101001>,1
0,|11010111>,1
0,|00001100>,4
0,|11101010>,1
0,|11101101>,4
0,|10111100>,1
0,|11000011>,1
0,|11100011>,1
0,|00011011>,3
0,|11100001>,2
0,|00010000>,1
0,|11110101>,1
0,|11111000>,4
0,|11001000>,1
0,|00011111>,1
0,|11110110>,3
0,|11110001>,2
0,|11001010>,1
0,|11101000>,1
0,|00100001>,1
0,|11010011>,1
0,|00001011>,1
0,|10100110>,1
0,|01101110>,1
0,|01101101>,1
0,|00101010>,1
0,|11110010>,2
0,|10110001>,1
0,|00001110>,3
1,|00000001>,121
1,|00000000>,3842
1,|11111111>,120
1,|00000010>,3
1,|11111110>,4
1,|00000011>,2
1,|11111011>,1
1,|00000100>,1
1,|11111100>,1
1,|11111101>,1
2,|00000110>,10
2,|00000000>,2708
2,|11111111>,484
2,|00000001>,494
2,|11111011>,18
2,|00000010>,97
2,|11111100>,23
2,|11111000>,6
2,|00000011>,31
2,|11111110>,67
2,|00001011>,4
2,|00000101>,7
2,|11101101>,2
2,|00001000>,3
2,|11111101>,31
2,|00000100>,16
2,|01101111>,1
2,|10011000>,1
2,|00001001>,5
2,|00011001>,1
2,|01100001>,1
2,|11101001>,1
2,|00011011>,2
2,|11111001>,12
2,|11111010>,10
2,|01010000>,1
2,|11101011>,1
2,|11110011>,4
2,|11110000>,1
2,|11110111>,4
2,|01001110>,1
2,|11100001>,1
2,|11110100>,3
2,|11011101>,1
2,|00001100>,1
2,|00011101>,1
2,|00001010>,1
2,|00100100>,1
2,|00100011>,1
2,|11110101>,2
2,|00110001>,1
2,|00010100>,3
2,|00001110>,2
2,|11011110>,1
2,|01011101>,1
2,|00000111>,6
2,|00010010>,1
2,|11110001>,3
2,|00010001>,1
2,|00001111>,2
2,|00011010>,1
2,|00101000>,1
2,|11001000>,1
2,|10001011>,1
2,|00010111>,1
2,|11110110>,2
2,|11100100>,1
2,|00101001>,2
2,|11101000>,1
2,|00010000>,1
2,|11110010>,1
2,|00011000>,1
2,|11011010>,1
2,|11100101>,1
3,|11111111>,1317
3,|00000100>,51
3,|00000011>,108
3,|00000001>,1415
3,|00000010>,268
3,|00000101>,44
3,|11111100>,61
3,|11111110>,283
3,|10011111>,1
3,|00001101>,5
3,|11111011>,38
3,|00000110>,22
3,|00000000>,54
3,|00001001>,16
3,|00001111>,5
3,|11110111>,17
3,|11111101>,116
3,|11111010>,33
3,|11101001>,2
3,|00000111>,20
3,|11111001>,17
3,|00101101>,2
3,|11101111>,3
3,|11111000>,14
3,|11101011>,2
3,|00001010>,10
3,|11101101>,3
3,|11101100>,5
3,|11101110>,8
3,|11110110>,9
3,|00001100>,6
3,|11100011>,1
3,|00001000>,18
3,|00010000>,5
3,|11100101>,1
3,|11110010>,4
3,|11110011>,3
3,|10000000>,2
3,|00001110>,4
3,|00011001>,2
3,|00010001>,4
3,|00010010>,2
3,|11011000>,2
3,|00100101>,2
3,|01011100>,1
3,|00010101>,1
3,|01101100>,1
3,|00010111>,6
3,|00111011>,2
3,|01010001>,1
3,|10011000>,1
3,|11110001>,9
3,|11110100>,5
3,|11110101>,7
3,|00110000>,1
3,|01000000>,1
3,|00010011>,2
3,|00001011>,5
3,|11110000>,2
3,|11000100>,1
3,|00010110>,1
3,|01011011>,1
3,|00011010>,2
3,|11100110>,1
3,|00101000>,1
3,|00101110>,1
3,|01111110>,1
3,|11100111>,2
3,|10111101>,2
3,|01101011>,1
3,|00111100>,1
3,|11010101>,1
3,|00010100>,3
3,|10000111>,1
3,|00110011>,1
3,|11100000>,1
3,|00111000>,1
3,|00100110>,1
3,|11101000>,1
3,|10001100>,1
3,|11101010>,2
3,|11100001>,1
3,|00100000>,1
3,|01110100>,1
3,|11001110>,1
3,|00011011>,2
3,|01011000>,1
3,|00011100>,1
3,|10111010>,1
3,|00111111>,1
3,|11010110>,1
3,|11100010>,2
3,|11100100>,1
3,|00100011>,1
3,|10001101>,1
3,|11010011>,1
3,|10000010>,1
4,|00000001>,564
4,|00000000>,2396
4,|11111111>,590
4,|00001010>,7
4,|00000010>,117
4,|00001011>,2
4,|00000110>,23
4,|11010111>,1
4,|11111101>,50
4,|11111110>,102
4,|11110101>,2
4,|00000111>,7
4,|10000000>,1
4,|11111011>,11
4,|00000101>,21
4,|00000100>,21
4,|11110100>,2
4,|11111100>,29
4,|11111001>,8
4,|10101111>,1
4,|00101101>,1
4,|01101110>,1
4,|00001001>,7
4,|11111010>,12
4,|00001110>,5
4,|11101110>,2
4,|00000011>,45
4,|11001001>,1
4,|00101100>,1
4,|00010000>,2
4,|00010100>,1
4,|11111000>,8
4,|11101100>,2
4,|00001000>,3
4,|11011111>,1
4,|01110110>,1
4,|11110111>,6
4,|11100011>,1
4,|11101101>,1
4,|11100101>,1
4,|00010011>,1
4,|11001011>,1
4,|11100111>,1
4,|00101111>,1
4,|01111010>,1
4,|00100001>,1
4,|11110001>,3
4,|00001100>,1
4,|00011101>,2
4,|00100111>,2
4,|00110100>,1
4,|10011100>,1
4,|00010101>,2
4,|00101110>,1
4,|11011110>,1
4,|11011101>,1
4,|00001111>,1
4,|01011100>,1
4,|00010001>,1
4,|11101111>,2
4,|00001101>,1
4,|00010010>,1
4,|11100010>,2
4,|11101001>,1
4,|11011011>,1
4,|10100010>,1
4,|11110110>,1
4,|11100110>,1
4,|11110000>,1
4,|00100101>,1
4,|01100001>,1
4,|11110010>,1
5,|00000000>,3905
5,|00000001>,92
5,|11111111>,84
5,|11111110>,6
5,|00000010>,5
5,|11111101>,2
5,|00000011>,1
5,|11111011>,1
6,|00000000>,1879
6,|00000001>,717
6,|11111111>,736
6,|11111110>,162
6,|00000110>,17
6,|00000100>,32
6,|11111100>,32
6,|00000011>,69
6,|00001001>,2
6,|11111011>,20
6,|00000010>,178
6,|11111101>,65
6,|11101101>,2
6,|00001100>,6
6,|11101001>,1
6,|11111010>,18
6,|11110111>,9
6,|00010000>,1
6,|00000111>,12
6,|00000101>,24
6,|11101110>,3
6,|11110000>,2
6,|00001000>,12
6,|00010010>,2
6,|00001010>,7
6,|00010101>,1
6,|11110010>,1
6,|11100010>,2
6,|11101111>,2
6,|11100101>,1
6,|00110110>,1
6,|11111001>,9
6,|11111000>,6
6,|11110101>,6
6,|00010001>,2
6,|00101011>,2
6,|11100111>,3
6,|00011100>,2
6,|11110110>,5
6,|11110100>,4
6,|11001010>,1
6,|10110111>,1
6,|11101011>,3
6,|11110011>,5
6,|00011111>,1
6,|11110001>,3
6,|00011000>,1
6,|00001011>,3
6,|00100100>,1
6,|11100011>,1
6,|11100100>,1
6,|10011111>,1
6,|00001101>,3
6,|10011010>,1
6,|00010111>,2
6,|00010110>,1
6,|01001001>,1
6,|11101100>,1
6,|11101000>,2
6,|11011100>,1
6,|00110010>,1
6,|00100011>,1
6,|01000110>,1
6,|10011001>,1
6,|00100000>,1
6,|00011010>,1
6,|11010001>,1
7,|00000011>,66
7,|00000000>,1772
7,|11111110>,168
7,|11101101>,3
7,|00000001>,778
7,|11111111>,783
7,|11100111>,4
7,|11111010>,22
7,|11110011>,5
7,|00000010>,142
7,|01110101>,1
7,|11110110>,3
7,|11101001>,2
7,|00000100>,34
7,|11111011>,24
7,|11111101>,81
7,|00010110>,2
7,|11111000>,7
7,|11110010>,6
7,|00010001>,3
7,|10010011>,1
7,|11111100>,33
7,|00000101>,16
7,|00001011>,8
7,|11011100>,2
7,|11110001>,3
7,|00000110>,13
7,|00001010>,5
7,|11110111>,8
7,|00001100>,4
7,|11111001>,11
7,|00010111>,1
7,|00001000>,10
7,|11101110>,2
7,|00001110>,3
7,|00000111>,4
7,|00001101>,3
7,|00110111>,1
7,|11000001>,1
7,|10110111>,1
7,|10111111>,1
7,|00100011>,2
7,|11101100>,2
7,|11100000>,1
7,|00100000>,1
7,|00011010>,2
7,|01101101>,1
7,|00001001>,8
7,|11101010>,1
7,|00011111>,1
7,|11101011>,4
7,|11100010>,2
7,|01001000>,1
7,|11100110>,1
7,|11110100>,4
7,|11110101>,4
7,|00001111>,2
7,|00010000>,3
7,|00011000>,1
7,|00010010>,2
7,|11110000>,1
7,|11000011>,1
7,|01001110>,1
7,|11001111>,1
7,|11100011>,1
7,|00011001>,1
7,|11101000>,1
7,|00010011>,1
7,|00011101>,2
7,|10000011>,1
7,|00110000>,1
7,|00011100>,1
7,|11010100>,1
7,|00101100>,1
7,|01001101>,1
8,|00000000>,3978
8,|11111111>,60
8,|00000001>,48
8,|11111110>,2
8,|00000010>,3
8,|11111011>,1
8,|00000111>,1
8,|00000100>,1
8,|11111001>,1
8,|11111101>,1
9,|11111111>,1006
9,|00000000>,1009
9,|00000010>,189
9,|00001000>,13
9,|00000001>,1059
9,|11111101>,82
9,|10101010>,1
9,|11111100>,45
9,|00000101>,30
9,|11110011>,8
9,|11111011>,34
9,|11111110>,208
9,|00000100>,49
9,|11100001>,2
9,|10100011>,1
9,|00001111>,5
9,|00000011>,92
9,|00000110>,33
9,|00011110>,3
9,|00001010>,11
9,|11110010>,4
9,|11101100>,3
9,|11110000>,6
9,|00010011>,2
9,|11111001>,21
9,|11101110>,3
9,|11101011>,1
9,|00001011>,9
9,|00001001>,11
9,|11110001>,3
9,|11111000>,10
9,|00000111>,16
9,|11011010>,1
9,|11111010>,21
9,|01011010>,1
9,|11011100>,2
9,|11110100>,6
9,|00101110>,1
9,|10000000>,1
9,|00011000>,1
9,|01100101>,1
9,|11011110>,1
9,|11101111>,2
9,|00101111>,2
9,|11110101>,7
9,|10011010>,1
9,|00001100>,4
9,|00011111>,2
9,|00111000>,1
9,|01110000>,1
9,|10111010>,1
9,|00011001>,4
9,|00110011>,1
9,|11110110>,3
9,|00100101>,1
9,|11001100>,1
9,|10111000>,1
9,|00010100>,2
9,|00111110>,1
9,|00011101>,1
9,|00111011>,1
9,|00011010>,2
9,|11100011>,1
9,|00010111>,2
9,|11101101>,2
9,|01111100>,1
9,|00110110>,1
9,|11101000>,2
9,|00010000>,2
9,|10110000>,1
9,|00001110>,2
9,|11010110>,1
9,|10100000>,1
9,|11010010>,1
9,|00010001>,2
9,|11010001>,1
9,|11110111>,6
9,|00100001>,1
9,|01100111>,1
9,|00001101>,4
9,|01010000>,1
9,|00110001>,1
9,|00101000>,1
9,|10111100>,1
9,|11010101>,1
9,|11001110>,1
9,|10101011>,1
9,|11100101>,1
9,|01000111>,1
9,|01101111>,1
9,|00010110>,1
9,|00010101>,1
9,|00100010>,1
9,|11010100>,1
9,|11010111>,1
9,|11000011>,1
9,|00111010>,1
9,|10011101>,1
9,|10100001>,1
9,|11000101>,1
